1968347,Bournemouth,Bournemouth,Outdoor,1968,A,32,
1968520,Roland Garros,Paris,Outdoor,1968,G,128,
1968314,Gstaad,Gstaad,Outdoor,1968,A,32,
1968421,Canada Masters,Toronto,Outdoor,1968,M,32,
1968414,Hamburg Masters,Hamburg,Outdoor,1968,A,64,
1968303,Buenos Aires,Buenos Aires,Outdoor,1968,A,64,
1969410,Monte Carlo Masters,Monte Carlo,Outdoor,1969,M,64,"$5,000 "
19693938,Bournemouth,Bournemouth,Outdoor,1969,A,32,
1969406,Brussels,Brussels- Belgium,Outdoor,1969,A,32,
1969416,Rome Masters,Rome,Outdoor,1969,M,128,"$14,900 "
1969520,Roland Garros,Paris,Outdoor,1969,G,128,
1969661,Dusseldorf,Dusseldorf,Outdoor,1969,A,64,
1969314,Gstaad,Gstaad,Outdoor,1969,A,32,
1969421,Canada Masters,Toronto,Outdoor,1969,M,64,"$7,500 "
1969414,Hamburg Masters,Hamburg,Outdoor,1969,A,64,
1969319,Kitzbuhel,Kitzbuehel,Outdoor,1969,A,32,
1969303,Buenos Aires,Buenos Aires,Outdoor,1969,A,32,
1970410,Monte Carlo Masters,Monte Carlo,Outdoor,1970,M,64,"$5,000 "
1970436,Bermuda,Charlotte- United States,Outdoor,1970,A,32,"$18,000 "
1970347,Bournemouth,Bournemouth- Great Britain,Outdoor,1970,A,32,
1970520,Roland Garros,Paris,Outdoor,1970,G,128,
1970406,Brussels,Brussels- Belgium,Outdoor,1970,A,32,
1970416,Rome Masters,Rome,Outdoor,1970,M,32,"$14,900 "
1970661,Dusseldorf,Dusseldorf,Outdoor,1970,A,32,
1970316,Bastad,Bastad,Outdoor,1970,A,32,
1970314,Gstaad,Gstaad,Outdoor,1970,A,32,
1970422,Cincinnati Masters,Cincinnati,Outdoor,1970,M,64,"$25,000 "
1970717,Houston,Indianapolis,Outdoor,1970,A,64,"$50,000 "
1970804,Munich WCT,Munich- Germany,Outdoor,1970,A,32,
1970319,Kitzbuhel,Kitzbuehel,Outdoor,1970,A,64,
1970421,Canada Masters,Toronto,Outdoor,1970,M,32,"$15,000 "
1970414,Hamburg Masters,Hamburg,Outdoor,1970,A,64,
1970425,Barcelona,Barcelona,Outdoor,1970,A,64,
1970303,Buenos Aires,Buenos Aires,Outdoor,1970,A,32,
1971344,Caracas,Caracas,Outdoor,1971,A,32,
1971410,Monte Carlo Masters,Monte Carlo,Outdoor,1971,M,32,"$20,000 "
1971325,Palermo,Palermo,Outdoor,1971,A,64,
19712065,Catania,Catania,Outdoor,1971,A,64,
19712010,Paris,Paris,Outdoor,1971,A,32,
1971416,Rome Masters,Rome,Outdoor,1971,M,64,"$35,400 "
19712011,Tehran,Tehran,Outdoor,1971,A,32,
1971414,Hamburg Masters,Hamburg,Outdoor,1971,A,64,
1971520,Roland Garros,Paris,Outdoor,1971,G,128,
1971347,Bournemouth,Bournemouth,Outdoor,1971,A,32,
1971406,Brussels,Brussels,Outdoor,1971,A,32,
1971316,Bastad,Bastad,Outdoor,1971,A,32,
1971314,Gstaad,Gstaad,Outdoor,1971,A,32,
1971418,Washington,Washington,Outdoor,1971,A,64,
1971663,Louisville,Louisville,Outdoor,1971,A,32,
1971422,Cincinnati Masters,Cincinnati,Outdoor,1971,M,64,"$30,000 "
1971661,Dusseldorf,Dusseldorf,Outdoor,1971,A,32,
1971717,Houston,Indianapolis,Outdoor,1971,A,64,
1971421,Canada Masters,Montreal,Outdoor,1971,M,64,"$50,000 "
1971425,Barcelona,Barcelona,Outdoor,1971,A,64,
1971303,Buenos Aires,Buenos Aires,Outdoor,1971,A,32,
1972410,Monte Carlo Masters,Monte Carlo,Outdoor,1972,M,32,"$20,000 "
1972405,Houston,Houston,Outdoor,1972,A,32,
19722026,Madrid Masters,Madrid,Outdoor,1972,M,64,
1972436,Bermuda,Charlotte,Outdoor,1972,A,32,
1972305,Nice,Nice,Outdoor,1972,A,64,
1972416,Rome Masters,Rome,Outdoor,1972,M,64,"$56,000 "
1972347,Bournemouth,Bournemouth,Outdoor,1972,A,32,
1972406,Brussels,Brussels,Outdoor,1972,A,32,
1972520,Roland Garros,Paris,Outdoor,1972,G,128,
1972414,Hamburg Masters,Hamburg,Outdoor,1972,A,64,
1972316,Bastad,Bastad,Outdoor,1972,A,32,
1972314,Gstaad,Gstaad,Outdoor,1972,A,32,
1972319,Kitzbuhel,Kitzbuehel,Outdoor,1972,A,64,
1972418,Washington,Washington,Outdoor,1972,A,64,
1972661,Dusseldorf,Dusseldorf,Outdoor,1972,A,16,
1972663,Louisville,Louisville,Outdoor,1972,A,32,
1972422,Cincinnati Masters,Cincinnati,Outdoor,1972,M,64,"$42,500 "
1972717,Houston,Indianapolis,Outdoor,1972,A,64,"$60,000 "
1972421,Canada Masters,Montreal,Outdoor,1972,M,128,"$70,000 "
1972425,Barcelona,Barcelona,Outdoor,1972,A,64,
1972303,Buenos Aires,Buenos Aires,Outdoor,1972,A,32,
1973412,Atlanta,Atlanta,Outdoor,1973,A,32,"$50,000 "
1973659,Valencia,Valencia,Outdoor,1973,A,64,
1973278,Barcelona,Barcelona,Outdoor,1973,A,64,
1973405,Houston,Houston,Outdoor,1973,A,32,"$50,000 "
1973410,Monte Carlo Masters,Monte Carlo,Outdoor,1973,M,48,"$20,000 "
1973305,Nice,Nice,Outdoor,1973,A,32,
1973436,Bermuda,Charlotte,Outdoor,1973,A,32,"$50,000 "
19732026,Madrid Masters,Madrid,Outdoor,1973,M,64,
1973310,Oporto,Florence,Outdoor,1973,A,64,
1973347,Bournemouth,Bournemouth,Outdoor,1973,A,64,
1973520,Roland Garros,Paris,Outdoor,1973,G,128,
1973416,Rome Masters,Rome,Outdoor,1973,M,128,"$101,600 "
1973414,Hamburg Masters,Hamburg,Outdoor,1973,A,64,
1973316,Bastad,Bastad,Outdoor,1973,A,32,
1973661,Dusseldorf,Dusseldorf,Outdoor,1973,A,16,
1973314,Gstaad,Gstaad,Outdoor,1973,A,32,
1973706,Bretton Woods,Bretton Woods,Outdoor,1973,A,32,
1973317,Amersfoort,Hilversum,Outdoor,1973,A,32,
1973319,Kitzbuhel,Kitzbuehel,Outdoor,1973,A,32,
1973418,Washington,Washington,Outdoor,1973,A,64,"$75,000 "
1973663,Louisville,Louisville,Outdoor,1973,A,64,
1973422,Cincinnati Masters,Cincinnati,Outdoor,1973,M,32,"$50,000 "
1973717,Houston,Indianapolis,Outdoor,1973,A,64,"$90,000 "
1973425,Barcelona,Barcelona,Outdoor,1973,A,64,
1973309,Madrid Masters,Madrid,Outdoor,1973,M,64,
19732011,Tehran,Tehran,Outdoor,1973,A,64,
1973379,Prague,Prague,Outdoor,1973,A,32,
1973303,Buenos Aires,Buenos Aires,Outdoor,1973,A,32,
1974412,Atlanta,Atlanta,Outdoor,1974,A,32,
1974410,Monte Carlo Masters,Monte Carlo,Outdoor,1974,M,32,"$50,000 "
1974436,Bermuda,Charlotte,Outdoor,1974,A,32,"$50,000 "
1974820,Houston WCT,Houston,Outdoor,1974,A,32,"$50,000 "
1974652,St. Louis WCT,St. Louis,Outdoor,1974,A,32,"$50,000 "
1974310,Oporto,Florence,Outdoor,1974,A,32,
1974308,Munich,Munich,Outdoor,1974,A,32,
1974414,Hamburg Masters,Hamburg,Outdoor,1974,A,64,
1974347,Bournemouth,Bournemouth,Outdoor,1974,A,64,
1974416,Rome Masters,Rome,Outdoor,1974,M,64,"$90,000 "
1974520,Roland Garros,Paris,Outdoor,1974,G,128,
1974316,Bastad,Bastad,Outdoor,1974,A,32,
1974661,Dusseldorf,Dusseldorf,Outdoor,1974,A,16,
1974314,Gstaad,Gstaad,Outdoor,1974,A,32,
1974317,Amersfoort,Hilversum,Outdoor,1974,A,32,
1974319,Kitzbuhel,Kitzbuehel,Outdoor,1974,A,32,
1974418,Washington,Washington,Outdoor,1974,A,64,"$100,000 "
1974706,Bretton Woods,Bretton Woods,Outdoor,1974,A,32,
1974717,Houston,Indianapolis,Outdoor,1974,A,64,"$130,000 "
1974663,Louisville,Louisville,Outdoor,1974,A,64,
1974421,Canada Masters,Montreal,Outdoor,1974,M,64,"$130,000 "
1974417,Boston,Boston,Outdoor,1974,A,64,
1974309,Madrid Masters,Madrid,Outdoor,1974,M,128,
1974425,Barcelona,Barcelona,Outdoor,1974,A,64,
19742011,Tehran,Tehran,Outdoor,1974,A,64,
19741729,Bombay,Bombay,Outdoor,1974,A,32,
1974303,Buenos Aires,Buenos Aires,Outdoor,1974,A,32,
1975407,Rotterdam,Rotterdam,Outdoor,1975,A,32,
19752025,New York,New York,Outdoor,1975,A,32,
1975729,Tuscon,Tuscon,Outdoor,1975,A,64,"$175,000 "
1975278,Barcelona,Barcelona,Outdoor,1975,A,64,
1975329,Tokyo WCT,Tokyo,Outdoor,1975,A,32,"$60,000 "
1975659,Valencia,Valencia,Outdoor,1975,A,64,
1975436,Bermuda,Charlotte,Outdoor,1975,A,32,"$60,000 "
1975666,Stockholm - WCT,Stockholm,Outdoor,1975,A,32,"$60,000 "
19752026,Madrid Masters,Madrid,Outdoor,1975,M,64,
1975610,Dallas WCT,Dallas,Outdoor,1975,A,8,
1975308,Munich,Munich,Outdoor,1975,A,32,
1975310,Oporto,Florence,Outdoor,1975,A,32,
1975413,Las Vegas,Las Vegas,Outdoor,1975,A,32,
1975414,Hamburg Masters,Hamburg,Outdoor,1975,A,64,
1975661,Dusseldorf,Dusseldorf,Outdoor,1975,A,32,
1975416,Rome Masters,Rome,Outdoor,1975,M,64,"$90,000 "
1975540,Wimbledon,London,Outdoor,1975,G,128,
1975316,Bastad,Bastad,Outdoor,1975,A,32,
1975314,Gstaad,Gstaad,Outdoor,1975,A,32,
1975411,Chicago,Chicago,Outdoor,1975,A,32,
1975317,Amersfoort,Hilversum,Outdoor,1975,A,32,
19752027,Istanbul,Istanbul,Outdoor,1975,A,32,
1975422,Cincinnati Masters,Cincinnati,Outdoor,1975,M,32,"$50,000 "
1975717,Houston,Indianapolis,Outdoor,1975,A,64,
1975705,North Conway,North Conway,Outdoor,1975,A,64,
1975663,Louisville,Louisville,Outdoor,1975,A,64,
1975343,Columbus,Columbus,Outdoor,1975,A,32,
1975417,Boston,Boston,Outdoor,1975,A,64,
1975707,South Orange,South Orange,Outdoor,1975,A,32,
1975423,Los Angeles,Los Angeles,Outdoor,1975,A,64,
1975424,San Jose,San Francisco,Outdoor,1975,A,64,
1975331,Melbourne Indoor,Melbourne,Outdoor,1975,A,32,
1975309,Madrid Masters,Madrid,Outdoor,1975,M,64,
1975243,Perth,Perth,Outdoor,1975,A,32,
1975429,Stockholm,Stockholm,Outdoor,1975,A,64,
19752016,London,London,Outdoor,1975,A,64,
1976267,Barcelona WCT,Barcelona,Outdoor,1976,A,16,
1976205,Lagos,Lagos,Outdoor,1976,A,16,
1976665,Rome WCT,Rome,Outdoor,1976,A,16,
1976295,Mexico City,Mexico City,Outdoor,1976,A,16,
1976659,Valencia,Valencia,Outdoor,1976,A,64,
1976344,Caracas,Caracas,Outdoor,1976,A,16,
1976278,Barcelona,Barcelona,Outdoor,1976,A,64,
1976305,Nice,Nice,Outdoor,1976,A,64,"$30,000 "
1976820,Houston WCT,Houston,Outdoor,1976,A,16,
1976410,Monte Carlo Masters,Monte Carlo,Outdoor,1976,M,16,"$60,000 "
1976655,Palma,Mallorca,Outdoor,1976,A,64,
1976309,Madrid Masters,Madrid,Outdoor,1976,M,64,
1976310,Oporto,Florence,Outdoor,1976,A,32,
1976308,Munich,Munich,Outdoor,1976,A,32,
1976347,Bournemouth,Bournemouth,Outdoor,1976,A,64,
1976414,Hamburg Masters,Hamburg,Outdoor,1976,A,64,
1976661,Dusseldorf,Dusseldorf,Outdoor,1976,A,64,
1976416,Rome Masters,Rome,Outdoor,1976,M,64,"$131,500 "
1976520,Roland Garros,Paris,Outdoor,1976,G,128,
1976316,Bastad,Bastad,Outdoor,1976,A,64,"$100,000 "
1976314,Gstaad,Gstaad,Outdoor,1976,A,48,"$75,000 "
19761725,Pepsi Grand Slam,Myrtle Beach,Outdoor,1976,A,4,"$150,000 "
1976422,Cincinnati Masters,Cincinnati,Outdoor,1976,M,64,"$100,000 "
1976317,Amersfoort,Hilversum,Outdoor,1976,A,32,
1976319,Kitzbuhel,Kitzbuhel,Outdoor,1976,A,64,
1976418,Washington,Washington,Outdoor,1976,A,64,
1976663,Louisville,Louisville,Outdoor,1976,A,64,
1976705,North Conway,North Conway,Outdoor,1976,A,64,
1976717,Houston,Indianapolis,Outdoor,1976,A,64,
1976421,Canada Masters,Montreal,Outdoor,1976,M,64,"$125,000 "
1976417,Boston,Boston,Outdoor,1976,A,64,"$125,000 "
1976707,South Orange,South Orange,Outdoor,1976,A,32,"$50,000 "
1976560,US Open,New York,Outdoor,1976,G,128,"$217,000 "
19762014,Bermuda,Bermuda,Outdoor,1976,A,32,"$50,000 "
19762011,Tehran,Tehran,Outdoor,1976,A,64,"$150,000 "
19762015,Madrid Masters,Madrid,Outdoor,1976,M,64,"$100,000 "
1976425,Barcelona,Barcelona,Outdoor,1976,A,64,
1976329,Tokyo,Tokyo,Outdoor,1976,A,64,
19762017,Bangalore,Bangalore,Outdoor,1976,A,32,"$50,000 "
1976303,Buenos Aires,Buenos Aires,Outdoor,1976,A,32,"$50,000 "
1976361,Santiago,Santiago,Outdoor,1976,A,16,
19771725,Pepsi Grand Slam,Boca Raton,Outdoor,1977,A,4,"$200,000 "
1977681,Miami,Miami,Outdoor,1977,A,32,"$50,000 "
1977206,Cairo,Cairo,Outdoor,1977,A,16,"$30,000 "
1977305,Nice,Nice,Outdoor,1977,A,32,"$50,000 "
1977410,Monte Carlo Masters,Monte Carlo,Outdoor,1977,M,16,"$100,000 "
19772009,Murcia,Murcia,Outdoor,1977,A,32,"$50,000 "
1977722,Buenos Aires,Buenos Aires,Outdoor,1977,A,16,
1977310,Oporto,Florence,Outdoor,1977,A,32,"$30,000 "
1977674,Virginia Beach,Virginia Beach,Outdoor,1977,A,16,"$100,000 "
1977308,Munich,Munich,Outdoor,1977,A,32,
1977414,Hamburg Masters,Hamburg,Outdoor,1977,A,64,
1977661,Dusseldorf,Dusseldorf,Outdoor,1977,A,32,
1977416,Rome Masters,Rome,Outdoor,1977,M,64,"$131,250 "
1977520,Roland Garros,Paris,Outdoor,1977,G,128,
1977406,Brussels,Brussels,Outdoor,1977,A,64,"$75,000 "
1977277,Berlin,Berlin,Outdoor,1977,A,32,"$50,000 "
1977316,Bastad,Bastad,Outdoor,1977,A,32,"$75,000 "
1977314,Gstaad,Gstaad,Outdoor,1977,A,32,"$75,000 "
1977422,Cincinnati Masters,Cincinnati,Outdoor,1977,M,64,"$100,000 "
1977319,Kitzbuhel,Kitzbuhel,Outdoor,1977,A,32,"$75,000 "
1977317,Amersfoort,Hilversum,Outdoor,1977,A,32,
1977418,Washington,Washington,Outdoor,1977,A,64,"$125,000 "
1977663,Louisville,Louisville,Outdoor,1977,A,64,"$125,000 "
1977705,North Conway,North Conway,Outdoor,1977,A,64,"$125,000 "
1977707,South Orange,South Orange,Outdoor,1977,A,32,"$75,000 "
1977343,Columbus,Columbus,Outdoor,1977,A,64,"$125,000 "
1977717,Houston,Indianapolis,Outdoor,1977,A,64,
1977417,Boston,Boston,Outdoor,1977,A,64,
1977560,US Open,New York,Outdoor,1977,G,128,"$250,000 "
19772010,Paris,Paris,Outdoor,1977,A,32,"$50,000 "
1977342,Aix-En-Provence,Aix en Provence,Outdoor,1977,A,32,"$50,000 "
19772011,Tehran,Tehran,Outdoor,1977,A,64,"$150,000 "
1977309,Madrid Masters,Madrid,Outdoor,1977,M,64,"$100,000 "
1977425,Barcelona,Barcelona,Outdoor,1977,A,64,
1977329,Tokyo,Tokyo,Outdoor,1977,A,64,
1977359,Bogota,Bogota,Outdoor,1977,A,32,"$50,000 "
1977361,Santiago,Santiago,Outdoor,1977,A,32,"$50,000 "
1977303,Buenos Aires,Buenos Aires,Outdoor,1977,A,32,"$75,000 "
19771729,Bombay,Bombay,Outdoor,1977,A,32,"$50,000 "
19781725,Pepsi Grand Slam,Boca Raton,Outdoor,1978,A,16,
1978205,Lagos,Lagos,Outdoor,1978,A,32,
1978206,Cairo,Cairo,Outdoor,1978,A,16,
1978410,Monte Carlo Masters,Monte Carlo,Outdoor,1978,M,32,"$175,000 "
1978280,Guadalajara,Guadalajara,Outdoor,1978,A,32,
1978405,Houston,Houston,Outdoor,1978,A,32,
1978305,Nice,Nice,Outdoor,1978,A,32,
1978615,Dusseldorf,Duesseldorf- Germany,Outdoor,1978,A,16,
1978414,Hamburg Masters,Hamburg,Outdoor,1978,A,64,
1978310,Oporto,Florence,Outdoor,1978,A,32,
1978416,Rome Masters,Rome,Outdoor,1978,M,64,"$148,640 "
1978308,Munich,Munich,Outdoor,1978,A,32,
1978520,Roland Garros,Paris,Outdoor,1978,G,128,
1978406,Brussels,Brussels,Outdoor,1978,A,32,
1978277,Berlin,Berlin,Outdoor,1978,A,32,
1978422,Cincinnati Masters,Cincinnati,Outdoor,1978,M,64,"$125,000 "
1978415,Forest Hills,Forest Hills,Outdoor,1978,A,16,
1978314,Gstaad,Gstaad,Outdoor,1978,A,32,
1978316,Bastad,Bastad,Outdoor,1978,A,32,
1978321,Stuttgart,Stuttgart,Outdoor,1978,A,32,
1978418,Washington,Washington,Outdoor,1978,A,64,
1978317,Amersfoort,Hilversum,Outdoor,1978,A,32,
1978319,Kitzbuhel,Kitzbuhel,Outdoor,1978,A,32,
1978663,Louisville,Louisville,Outdoor,1978,A,64,
1978707,South Orange,South Orange,Outdoor,1978,A,32,
1978705,North Conway,North Conway,Outdoor,1978,A,64,
1978343,Columbus,Colombus,Outdoor,1978,A,32,
1978717,Houston,Indianapolis,Outdoor,1978,A,64,
1978421,Canada Masters,Toronto,Outdoor,1978,M,48,"$175,000 "
1978417,Boston,Boston,Outdoor,1978,A,64,
1978347,Bournemouth,Bournemouth,Outdoor,1978,A,32,
1978342,Aix-En-Provence,Aix-En-Provence,Outdoor,1978,A,32,
1978295,Mexico City,Mexico City,Outdoor,1978,A,32,
1978309,Madrid Masters,Madrid,Outdoor,1978,M,64,
1978425,Barcelona,Barcelona,Outdoor,1978,A,64,
1978264,Tokyo,Tokyo,Outdoor,1978,A,64,
1978359,Bogota,Bogota,Outdoor,1978,A,32,
1978362,Manila,Manila,Outdoor,1978,A,32,
1978303,Buenos Aires,Buenos Aires,Outdoor,1978,A,32,
1978680,Calcutta,Calcutta,Outdoor,1978,A,32,"$50,000 "
1978361,Santiago,Santiago,Outdoor,1978,A,32,
19791725,Pepsi Grand Slam,Boca Raton,Outdoor,1979,A,4,"$300,000 "
1979305,Nice,Nice,Outdoor,1979,A,32,
1979206,Cairo,Cairo,Outdoor,1979,A,32,
1979410,Monte Carlo Masters,Monte Carlo,Outdoor,1979,M,32,"$175,000 "
1979405,Houston,Houston,Outdoor,1979,A,32,
1979615,Dusseldorf,Duesseldorf- Germany,Outdoor,1979,A,16,
1979310,Oporto,Florence,Outdoor,1979,A,32,
1979414,Hamburg Masters,Hamburg,Outdoor,1979,A,64,
1979416,Rome Masters,Rome,Outdoor,1979,M,64,"$175,000 "
1979308,Munich,Munich,Outdoor,1979,A,32,
1979520,Roland Garros,Paris,Outdoor,1979,G,128,
1979406,Brussels,Brussels,Outdoor,1979,A,32,
1979277,Berlin,Berlin,Outdoor,1979,A,32,
1979415,Forest Hills,Forest Hills,Outdoor,1979,A,16,
1979314,Gstaad,Gstaad,Outdoor,1979,A,32,
1979418,Washington,Washington,Outdoor,1979,A,64,
1979316,Bastad,Bastad,Outdoor,1979,A,32,
1979321,Stuttgart,Stuttgart,Outdoor,1979,A,32,
1979317,Amersfoort,Hilversum,Outdoor,1979,A,32,
1979319,Kitzbuhel,Kitzbuhel,Outdoor,1979,A,32,
1979705,North Conway,North Conway,Outdoor,1979,A,64,
1979707,South Orange,South Orange,Outdoor,1979,A,32,
1979343,Columbus,Colombus,Outdoor,1979,A,32,
1979717,Houston,Indianapolis,Outdoor,1979,A,64,
1979417,Boston,Boston,Outdoor,1979,A,64,
1979325,Palermo,Palermo,Outdoor,1979,A,32,
1979309,Madrid Masters,Madrid,Outdoor,1979,M,64,
1979323,Bordeaux,Bordeaux,Outdoor,1979,A,32,
1979425,Barcelona,Barcelona,Outdoor,1979,A,64,
1979329,Tokyo,Tokyo,Outdoor,1979,A,64,
1979353,Quito,Quito,Outdoor,1979,A,32,
1979359,Bogota,Bogota,Outdoor,1979,A,32,
19791729,Bombay,Bombay,Outdoor,1979,A,32,"$75,000 "
1979303,Buenos Aires,Buenos Aires,Outdoor,1979,A,32,
1979361,Santiago,Santiago,Outdoor,1979,A,32,
19801725,Pepsi Grand Slam,Boca Raton,Outdoor,1980,A,4,"$300,000 "
1980709,Sarasota,Sarasota,Outdoor,1980,A,32,
1980205,Lagos,Lagos,Outdoor,1980,A,32,
1980206,Cairo,Cairo,Outdoor,1980,A,32,
1980305,Nice,Nice,Outdoor,1980,A,32,
1980410,Monte Carlo Masters,Monte Carlo,Outdoor,1980,M,32,"$175,000 "
1980405,Houston,Houston,Outdoor,1980,A,32,
1980615,Dusseldorf,Duesseldorf- Germany,Outdoor,1980,A,16,
1980415,Forest Hills,Forest Hills,Outdoor,1980,A,32,
1980310,Oporto,Florence,Outdoor,1980,A,32,
1980414,Hamburg Masters,Hamburg,Outdoor,1980,A,64,
1980416,Rome Masters,Rome,Outdoor,1980,M,64,"$175,000 "
1980308,Munich,Munich,Outdoor,1980,A,32,
1980520,Roland Garros,Paris,Outdoor,1980,G,128,
1980406,Brussels,Brussels,Outdoor,1980,A,32,
1980208,Vienna,Vienna,Outdoor,1980,A,32,
1980314,Gstaad,Gstaad,Outdoor,1980,A,32,
1980316,Bastad,Bastad,Outdoor,1980,A,32,
1980417,Boston,Boston,Outdoor,1980,A,64,
1980321,Stuttgart,Stuttgart,Outdoor,1980,A,32,
1980317,Amersfoort,Hilversum,Outdoor,1980,A,32,
1980319,Kitzbuhel,Kitzbuhel,Outdoor,1980,A,32,
1980418,Washington,Washington,Outdoor,1980,A,64,
1980705,North Conway,North Conway,Outdoor,1980,A,64,
1980707,South Orange,South Orange,Outdoor,1980,A,32,
1980717,Houston,Indianapolis,Outdoor,1980,A,64,
1980347,Bournemouth,Bournemouth,Outdoor,1980,A,32,
1980325,Palermo,Palermo,Outdoor,1980,A,32,
1980323,Bordeaux,Bordeaux,Outdoor,1980,A,32,
1980322,Geneva,Geneva,Outdoor,1980,A,32,
1980309,Madrid Masters,Madrid,Outdoor,1980,M,64,
1980425,Barcelona,Barcelona,Outdoor,1980,A,64,
1980329,Tokyo,Tokyo,Outdoor,1980,A,64,
1980353,Quito,Quito,Outdoor,1980,A,32,
1980359,Bogota,Bogota,Outdoor,1980,A,32,
1980303,Buenos Aires,Buenos Aires,Outdoor,1980,A,32,
1980361,Santiago,Santiago,Outdoor,1980,A,32,
1981204,Vina Del Mar,Vina Del Mar,Outdoor,1981,A,32,
1981392,Mar Del Plata,Mar Del Plata,Outdoor,1981,A,32,
19811725,Pepsi Grand Slam,Boca Raton,Outdoor,1981,A,4,"$300,000 "
1981294,Mexico City,Mexico City,Outdoor,1981,A,32,
1981206,Cairo,Cairo,Outdoor,1981,A,32,
1981405,Houston,Houston,Outdoor,1981,A,32,
1981305,Nice,Nice,Outdoor,1981,A,32,
1981410,Monte Carlo Masters,Monte Carlo,Outdoor,1981,M,32,"$250,000 "
1981347,Bournemouth,Bournemouth,Outdoor,1981,A,32,
1981615,Dusseldorf,Duesseldorf- Germany,Outdoor,1981,A,16,
1981415,Forest Hills,Forest Hills,Outdoor,1981,A,64,
1981310,Oporto,Florence,Outdoor,1981,A,32,
1981414,Hamburg Masters,Hamburg,Outdoor,1981,A,64,
1981308,Munich,Munich,Outdoor,1981,A,32,
1981416,Rome Masters,Rome,Outdoor,1981,M,64,"$200,000 "
1981520,Roland Garros,Paris,Outdoor,1981,G,128,
1981273,Brussels,Brussels,Outdoor,1981,A,32,
1981702,Venice,Venice,Outdoor,1981,A,32,
1981314,Gstaad,Gstaad,Outdoor,1981,A,32,
1981417,Boston,Boston,Outdoor,1981,A,64,
1981319,Kitzbuhel,Kitzbuhel,Outdoor,1981,A,64,
1981321,Stuttgart,Stuttgart,Outdoor,1981,A,32,
1981316,Bastad,Bastad,Outdoor,1981,A,32,
1981317,Amersfoort,Hilversum,Outdoor,1981,A,32,
1981418,Washington,Washington,Outdoor,1981,A,64,
1981705,North Conway,North Conway,Outdoor,1981,A,64,
1981707,South Orange,South Orange,Outdoor,1981,A,32,
1981717,Houston,Indianapolis,Outdoor,1981,A,64,
1981325,Palermo,Palermo,Outdoor,1981,A,32,
1981323,Bordeaux,Bordeaux,Outdoor,1981,A,32,
1981322,Geneva,Geneva,Outdoor,1981,A,32,
1981309,Madrid Masters,Madrid,Outdoor,1981,M,32,
1981425,Barcelona,Barcelona,Outdoor,1981,A,64,
1981329,Tokyo,Tokyo,Outdoor,1981,A,64,
1981353,Quito,Quito,Outdoor,1981,A,32,
1981303,Buenos Aires,Buenos Aires,Outdoor,1981,A,32,
1981362,Manila,Manila,Outdoor,1981,A,32,
1981361,Santiago,Santiago,Outdoor,1981,A,32,
1982201,Maceio,Guaruja,Outdoor,1982,A,32,
1982803,Delray Beach WCT,Delray Beach,Outdoor,1982,A,16,
1982204,Vina Del Mar,Vina Del Mar,Outdoor,1982,A,32,
1982303,Buenos Aires,Buenos Aires,Outdoor,1982,A,32,
1982206,Cairo,Cairo,Outdoor,1982,A,32,
1982351,Linz,Linz,Outdoor,1982,A,32,
1982305,Nice,Nice,Outdoor,1982,A,32,
1982410,Monte Carlo Masters,Monte Carlo,Outdoor,1982,M,32,"$300,000 "
1982405,Houston,Houston,Outdoor,1982,A,32,
1982347,Bournemouth,Bournemouth,Outdoor,1982,A,32,
1982309,Madrid Masters,Madrid,Outdoor,1982,M,32,
1982724,Hilton Head WCT,Hilton Head,Outdoor,1982,A,32,
1982415,Forest Hills,Forest Hills,Outdoor,1982,A,64,
1982615,Dusseldorf,Dusseldorf,Outdoor,1982,A,16,
1982310,Oporto,Florence,Outdoor,1982,A,32,
1982414,Hamburg Masters,Hamburg,Outdoor,1982,A,64,
1982308,Munich,Munich,Outdoor,1982,A,32,
1982416,Rome Masters,Rome,Outdoor,1982,M,64,"$300,000 "
1982520,Roland Garros,Paris,Outdoor,1982,G,128,
1982702,Venice,Venice,Outdoor,1982,A,32,
1982314,Gstaad,Gstaad,Outdoor,1982,A,32,
1982316,Bastad,Bastad,Outdoor,1982,A,32,
1982417,Boston,Boston,Outdoor,1982,A,64,
1982321,Stuttgart,Stuttgart,Outdoor,1982,A,32,
1982811,Zell Am See WCT,Zell Am See,Outdoor,1982,A,32,
1982317,Amersfoort,Hilversum,Outdoor,1982,A,32,
1982319,Kitzbuhel,Kitzbuhel,Outdoor,1982,A,64,
1982418,Washington,Washington,Outdoor,1982,A,64,
1982812,Cap D'Adge WCT,Cap D'Adge,Outdoor,1982,A,32,
1982705,North Conway,North Conway,Outdoor,1982,A,64,
1982707,South Orange,South Orange,Outdoor,1982,A,32,
1982717,Houston,Indianapolis,Outdoor,1982,A,64,
1982325,Palermo,Palermo,Outdoor,1982,A,32,
1982323,Bordeaux,Bordeaux,Outdoor,1982,A,32,
1982322,Geneva,Geneva,Outdoor,1982,A,32,
1982425,Barcelona,Barcelona,Outdoor,1982,A,64,
1982329,Tokyo,Tokyo,Outdoor,1982,A,64,
1982353,Quito,Quito,Outdoor,1982,A,32,
1982237,Guaruja,Sao Paulo,Indoor,1982,A,32,
1983204,Vina Del Mar,Vina Del Mar,Outdoor,1983,A,32,
1983803,Delray Beach WCT,Delray Beach,Outdoor,1983,A,32,
1983305,Nice,Nice,Outdoor,1983,A,32,
1983410,Monte Carlo Masters,Monte Carlo,Outdoor,1983,M,32,"$300,000 "
1983405,Houston,Houston,Outdoor,1983,A,32,
1983723,Lisbon,Lisbon,Outdoor,1983,A,32,
1983342,Aix-En-Provence,Aix-En-Provence,Outdoor,1983,A,32,
1983724,Hilton Head WCT,Hilton Head,Outdoor,1983,A,8,
1983347,Bournemouth,Bournemouth,Outdoor,1983,A,32,
1983309,Madrid Masters,Madrid,Outdoor,1983,M,32,
1983415,Forest Hills,Forest Hills,Outdoor,1983,A,64,
1983615,Dusseldorf,Dusseldorf,Outdoor,1983,A,16,
1983310,Oporto,Florence,Outdoor,1983,A,32,
1983414,Hamburg Masters,Hamburg,Outdoor,1983,A,56,
1983308,Munich,Munich,Outdoor,1983,A,32,
1983416,Rome Masters,Rome,Outdoor,1983,M,64,"$300,000 "
1983520,Roland Garros,Paris,Outdoor,1983,G,128,
1983702,Venice,Venice,Outdoor,1983,A,32,
1983314,Gstaad,Gstaad,Outdoor,1983,A,32,
1983316,Bastad,Bastad,Outdoor,1983,A,32,
1983417,Boston,Boston,Outdoor,1983,A,56,
1983321,Stuttgart,Stuttgart,Outdoor,1983,A,32,
1983317,Amersfoort,Hilversum,Outdoor,1983,A,32,
1983319,Kitzbuhel,Kitzbuhel,Outdoor,1983,A,48,
1983418,Washington,Washington,Outdoor,1983,A,56,
1983705,North Conway,North Conway,Outdoor,1983,A,56,
1983707,South Orange,South Orange,Outdoor,1983,A,32,
1983717,Houston,Indianapolis,Outdoor,1983,A,56,
1983325,Palermo,Palermo,Outdoor,1983,A,32,
1983323,Bordeaux,Bordeaux,Outdoor,1983,A,32,
1983322,Geneva,Geneva,Outdoor,1983,A,32,
1983425,Barcelona,Barcelona,Outdoor,1983,A,64,
1984306,Kitzbuhel,Bari,Outdoor,1984,A,32,
1984405,Houston,Houston,Outdoor,1984,A,16,
1984820,Houston WCT,Houston,Outdoor,1984,A,16,
1984305,Nice,Nice,Outdoor,1984,A,32,
1984410,Monte Carlo Masters,Monte Carlo,Outdoor,1984,M,32,"$325,000 "
1984342,Aix-En-Provence,Aix-En-Provence,Outdoor,1984,A,32,
1984415,Forest Hills,Forest Hills,Outdoor,1984,A,64,
1984310,Oporto,Florence,Outdoor,1984,A,32,
1984414,Hamburg Masters,Hamburg,Outdoor,1984,A,56,
1984416,Rome Masters,Rome,Outdoor,1984,M,64,"$300,000 "
1984308,Munich,Munich,Outdoor,1984,A,32,
1984615,Dusseldorf,Dusseldorf,Outdoor,1984,A,16,
1984520,Roland Garros,Paris,Outdoor,1984,G,128,
1984314,Gstaad,Gstaad,Outdoor,1984,A,32,
1984316,Bastad,Bastad,Outdoor,1984,A,32,
1984417,Boston,Boston,Outdoor,1984,A,64,
1984321,Stuttgart,Stuttgart,Outdoor,1984,A,32,
1984317,Amersfoort,Hilversum,Outdoor,1984,A,32,
1984319,Kitzbuhel,Kitzbuhel,Outdoor,1984,A,48,
1984418,Washington,Washington,Outdoor,1984,A,56,
1984705,North Conway,North Conway,Outdoor,1984,A,64,
1984717,Houston,Indianapolis,Outdoor,1984,A,56,
1984325,Palermo,Palermo,Outdoor,1984,A,32,
1984323,Bordeaux,Bordeaux,Outdoor,1984,A,32,
1984322,Geneva,Geneva,Outdoor,1984,A,32,
1984425,Barcelona,Barcelona,Outdoor,1984,A,64,
1984335,Treviso,Treviso,Outdoor,1984,A,32,
1985303,Buenos Aires,Buenos Aires,Outdoor,1985,A,32,
1985410,Monte Carlo Masters,Monte Carlo,Outdoor,1985,M,48,"$405,000 "
1985308,Munich,Munich,Outdoor,1985,A,32,
1985305,Nice,Nice,Outdoor,1985,A,32,
1985306,Kitzbuhel,Bari,Outdoor,1985,A,32,
1985307,Marbella,Marbella,Outdoor,1985,A,32,
1985414,Hamburg Masters,Hamburg,Outdoor,1985,A,56,
1985415,Forest Hills,Forest Hills,Outdoor,1985,A,64,
1985309,Madrid Masters,Madrid,Outdoor,1985,M,32,
1985416,Rome Masters,Rome,Outdoor,1985,M,64,"$350,000 "
1985615,Dusseldorf,Dusseldorf,Outdoor,1985,A,32,
1985310,Oporto,Florence,Outdoor,1985,A,32,
1985520,Roland Garros,Paris,Outdoor,1985,G,128,"$1,150,000 "
1985312,Bologna,Bologna,Outdoor,1985,A,32,
1985417,Boston,Boston,Outdoor,1985,A,56,
1985314,Gstaad,Gstaad,Outdoor,1985,A,32,
1985316,Bastad,Bastad,Outdoor,1985,A,32,
1985418,Washington,Washington,Outdoor,1985,A,56,
1985317,Amersfoort,Hilversum,Outdoor,1985,A,32,
1985717,Houston,Indianapolis,Outdoor,1985,A,56,
1985319,Kitzbuhel,Kitzbuhel,Outdoor,1985,A,64,
1985325,Palermo,Palermo,Outdoor,1985,A,32,
1985321,Stuttgart,Stuttgart,Outdoor,1985,A,32,
1985323,Bordeaux,Bordeaux,Outdoor,1985,A,32,
1985322,Geneva,Geneva,Outdoor,1985,A,32,
1985425,Barcelona,Barcelona,Outdoor,1985,A,64,
1986306,Kitzbuhel,Bari,Outdoor,1986,A,32,
1986305,Nice,Nice,Outdoor,1986,A,32,
1986410,Monte Carlo Masters,Monte Carlo,Outdoor,1986,M,48,"$405,000 "
1986717,Houston,Indianapolis,Outdoor,1986,A,56,
1986309,Madrid Masters,Madrid,Outdoor,1986,M,32,
1986415,Forest Hills,Forest Hills,Outdoor,1986,A,64,
1986308,Munich,Munich,Outdoor,1986,A,32,
1986416,Rome Masters,Rome,Outdoor,1986,M,64,"$350,000 "
1986615,Dusseldorf,Dusseldorf,Outdoor,1986,A,32,
1986310,Oporto,Florence,Outdoor,1986,A,32,
1986520,Roland Garros,Paris,Outdoor,1986,G,128,"$1,300,000 "
1986312,Bologna,Bologna,Outdoor,1986,A,32,
1986367,Athens,Athens,Outdoor,1986,A,32,
1986323,Bordeaux,Bordeaux,Outdoor,1986,A,32,
1986314,Gstaad,Gstaad,Outdoor,1986,A,32,
1986316,Bastad,Bastad,Outdoor,1986,A,32,
1986417,Boston,Boston,Outdoor,1986,A,56,
1986317,Amersfoort,Hilversum,Outdoor,1986,A,32,
1986418,Washington,Washington,Outdoor,1986,A,56,
1986319,Kitzbuhel,Kitzbuhel,Outdoor,1986,A,64,
1986366,San Remo,St. Vincent,Outdoor,1986,A,32,
1986322,Geneva,Geneva,Outdoor,1986,A,32,"$231,000 "
1986321,Stuttgart,Stuttgart,Outdoor,1986,A,48,
1986414,Hamburg Masters,Hamburg,Outdoor,1986,A,56,
1986425,Barcelona,Barcelona,Outdoor,1986,A,64,
1986325,Palermo,Palermo,Outdoor,1986,A,32,
1986303,Buenos Aires,Buenos Aires,Outdoor,1986,A,32,
1987306,Kitzbuhel,Bari,Outdoor,1987,A,32,
1987305,Nice,Nice,Outdoor,1987,A,32,
1987410,Monte Carlo Masters,Monte Carlo,Outdoor,1987,M,48,"$513,000 "
1987414,Hamburg Masters,Hamburg,Outdoor,1987,A,56,
1987415,Forest Hills,Forest Hills,Outdoor,1987,A,64,
1987308,Munich,Munich,Outdoor,1987,A,32,
1987416,Rome Masters,Rome,Outdoor,1987,M,64,"$400,000 "
1987615,Dusseldorf,Dusseldorf,Outdoor,1987,A,32,
1987310,Oporto,Florence,Outdoor,1987,A,32,
1987520,Roland Garros,Paris,Outdoor,1987,G,128,"$1,500,000 "
1987312,Bologna,Bologna,Outdoor,1987,A,32,
1987367,Athens,Athens,Outdoor,1987,A,32,
1987417,Boston,Boston,Outdoor,1987,A,56,
1987314,Gstaad,Gstaad,Outdoor,1987,A,32,
1987323,Bordeaux,Bordeaux,Outdoor,1987,A,32,
1987717,Houston,Indianapolis,Outdoor,1987,A,56,
1987321,Stuttgart,Stuttgart,Outdoor,1987,A,48,
1987316,Bastad,Bastad,Outdoor,1987,A,32,
1987317,Amersfoort,Hilversum,Outdoor,1987,A,32,
1987319,Kitzbuhel,Kitzbuhel,Outdoor,1987,A,64,
1987379,Prague,Prague,Outdoor,1987,A,32,
1987366,San Remo,St. Vincent,Outdoor,1987,A,32,
1987322,Geneva,Geneva,Outdoor,1987,A,32,"$231,000 "
1987309,Madrid Masters,Madrid,Outdoor,1987,M,32,
1987425,Barcelona,Barcelona,Outdoor,1987,A,56,
1987325,Palermo,Palermo,Outdoor,1987,A,32,
1987303,Buenos Aires,Buenos Aires,Outdoor,1987,A,32,
1988309,Madrid Masters,Madrid,Outdoor,1988,M,32,
1988305,Nice,Nice,Outdoor,1988,A,32,
1988410,Monte Carlo Masters,Monte Carlo,Outdoor,1988,M,48,"$492,500 "
1988717,Houston,Charleston,Outdoor,1988,A,32,
1988414,Hamburg Masters,Hamburg,Outdoor,1988,A,56,
1988415,Forest Hills,Forest Hills,Outdoor,1988,A,64,
1988308,Munich,Munich,Outdoor,1988,A,48,
1988416,Rome Masters,Rome,Outdoor,1988,M,64,"$595,000 "
1988615,Dusseldorf,Dusseldorf,Outdoor,1988,A,32,
1988310,Oporto,Florence,Outdoor,1988,A,32,
1988520,Roland Garros,Paris,Outdoor,1988,G,128,"$1,950,000 "
1988312,Bologna,Bologna,Outdoor,1988,A,32,
1988367,Athens,Athens,Outdoor,1988,A,32,
1988417,Boston,Boston,Outdoor,1988,A,56,
1988314,Gstaad,Gstaad,Outdoor,1988,A,32,
1988316,Bastad,Bastad,Outdoor,1988,A,48,
1988321,Stuttgart,Stuttgart,Outdoor,1988,A,48,
1988323,Bordeaux,Bordeaux,Outdoor,1988,A,32,
1988317,Amersfoort,Hilversum,Outdoor,1988,A,32,
1988319,Kitzbuhel,Kitzbuhel,Outdoor,1988,A,64,
1988379,Prague,Prague,Outdoor,1988,A,32,
1988366,San Remo,St. Vincent,Outdoor,1988,A,32,
1988425,Barcelona,Barcelona,Outdoor,1988,A,56,
1988306,Kitzbuhel,Bari,Outdoor,1988,A,32,
1988322,Geneva,Geneva,Outdoor,1988,A,32,
1988325,Palermo,Palermo,Outdoor,1988,A,48,
1988303,Buenos Aires,Buenos Aires,Outdoor,1988,A,32,
1989367,Athens,Athens,Outdoor,1989,A,32,
1989305,Nice,Nice,Outdoor,1989,A,32,
1989410,Monte Carlo Masters,Monte Carlo,Outdoor,1989,M,48,"$597,500 "
1989415,Forest Hills,Forest Hills,Outdoor,1989,A,56,
1989308,Munich,Munich,Outdoor,1989,A,48,
1989717,Houston,Charleston,Outdoor,1989,A,32,
1989414,Hamburg Masters,Hamburg,Outdoor,1989,A,56,
1989416,Rome Masters,Rome,Outdoor,1989,M,64,"$807,500 "
1989615,Dusseldorf,Dusseldorf,Outdoor,1989,A,24,
1989310,Oporto,Florence,Outdoor,1989,A,32,
1989520,Roland Garros,Paris,Outdoor,1989,G,128,"$2,250,000 "
1989312,Bologna,Bologna,Outdoor,1989,A,32,
1989306,Kitzbuhel,Bari,Outdoor,1989,A,32,
1989417,Boston,Boston,Outdoor,1989,A,56,
1989314,Gstaad,Gstaad,Outdoor,1989,A,32,
1989317,Amersfoort,Hilversum,Outdoor,1989,A,32,
1989321,Stuttgart,Stuttgart,Outdoor,1989,A,48,
1989316,Bastad,Bastad,Outdoor,1989,A,32,
1989319,Kitzbuhel,Kitzbuhel,Outdoor,1989,A,64,
1989379,Prague,Prague,Outdoor,1989,A,32,
1989366,San Remo,St. Vincent,Outdoor,1989,A,32,
1989475,Warsaw,San Marino,Outdoor,1989,A,32,
1989322,Geneva,Geneva,Outdoor,1989,A,32,
1989309,Madrid Masters,Madrid,Outdoor,1989,M,32,
1989425,Barcelona,Barcelona,Outdoor,1989,A,56,
1989323,Bordeaux,Bordeaux,Outdoor,1989,A,32,
1989325,Palermo,Palermo,Outdoor,1989,A,32,
1990360,Casablanca,Casablanca,Outdoor,1990,A,32,"$150,000 "
1990468,Estoril,Estoril,Outdoor,1990,A,32,"$250,000 "
1990425,Barcelona,Barcelona,Outdoor,1990,A,56,"$500,000 "
1990305,Nice,Nice,Outdoor,1990,A,32,"$250,000 "
1990410,Monte Carlo Masters,Monte Carlo,Outdoor,1990,M,56,"$1,000,000 "
1990309,Madrid Masters,Madrid,Outdoor,1990,M,32,"$310,000 "
1990308,Munich,Munich,Outdoor,1990,A,32,"$250,000 "
1990414,Hamburg Masters,Hamburg,Outdoor,1990,A,56,"$1,000,000 "
1990717,Houston,Kiawah Island,Outdoor,1990,A,32,"$230,000 "
1990416,Rome Masters,Rome,Outdoor,1990,M,64,"$1,280,000 "
1990439,Umag,Umag,Outdoor,1990,A,32,"$175,000 "
1990312,Bologna,Bologna,Outdoor,1990,A,32,"$250,000 "
1990615,Dusseldorf,Dusseldorf,Outdoor,1990,A,24,"$1,500,000 "
1990520,Roland Garros,Paris,Outdoor,1990,G,128,"$2,700,000 "
1990310,Oporto,Florence,Outdoor,1990,A,32,"$250,000 "
1990306,Kitzbuhel,Genova,Outdoor,1990,A,32,"$250,000 "
1990316,Bastad,Bastad,Outdoor,1990,A,32,"$250,000 "
1990314,Gstaad,Gstaad,Outdoor,1990,A,32,"$305,000 "
1990321,Stuttgart,Stuttgart,Outdoor,1990,A,48,"$1,000,000 "
1990317,Amersfoort,Hilversum,Outdoor,1990,A,32,"$240,000 "
1990319,Kitzbuhel,Kitzbuhel,Outdoor,1990,A,48,"$375,000 "
1990366,San Remo,San Remo,Outdoor,1990,A,32,"$250,000 "
1990379,Prague,Prague,Outdoor,1990,A,32,"$176,000 "
1990475,Warsaw,San Marino,Outdoor,1990,A,32,"$150,000 "
1990323,Bordeaux,Bordeaux,Outdoor,1990,A,32,"$300,000 "
1990322,Geneva,Geneva,Outdoor,1990,A,32,"$250,000 "
1990325,Palermo,Palermo,Outdoor,1990,A,32,"$295,000 "
1990367,Athens,Athens,Outdoor,1990,A,32,"$150,000 "
1991468,Estoril,Estoril,Outdoor,1991,A,32,"$375,000 "
1991425,Barcelona,Barcelona,Outdoor,1991,A,56,"$650,000 "
1991305,Nice,Nice,Outdoor,1991,A,32,"$250,000 "
1991410,Monte Carlo Masters,Monte Carlo,Outdoor,1991,M,56,"$1,000,000 "
1991309,Madrid Masters,Madrid,Outdoor,1991,M,32,"$500,000 "
1991308,Munich,Munich,Outdoor,1991,A,32,"$250,000 "
1991346,Tampa,Tampa,Outdoor,1991,A,32,"$250,000 "
1991717,Houston,Charlotte,Outdoor,1991,A,32,"$250,000 "
1991414,Hamburg Masters,Hamburg,Outdoor,1991,A,56,"$1,000,000 "
1991416,Rome Masters,Rome,Outdoor,1991,M,64,"$1,280,000 "
1991439,Umag,Umag,Outdoor,1991,A,32,"$250,000 "
1991312,Bologna,Bologna,Outdoor,1991,A,32,"$250,000 "
1991615,Dusseldorf,Dusseldorf,Outdoor,1991,A,32,"$1,277,500 "
1991520,Roland Garros,Paris,Outdoor,1991,G,128,
1991310,Oporto,Florence,Outdoor,1991,A,32,"$250,000 "
1991306,Kitzbuhel,Genova,Outdoor,1991,A,32,"$250,000 "
1991316,Bastad,Bastad,Outdoor,1991,A,32,"$250,000 "
1991314,Gstaad,Gstaad,Outdoor,1991,A,32,"$305,000 "
1991321,Stuttgart,Stuttgart,Outdoor,1991,A,48,"$1,000,000 "
1991317,Amersfoort,Hilversum,Outdoor,1991,A,32,"$250,000 "
1991319,Kitzbuhel,Kitzbuhel,Outdoor,1991,A,48,"$375,000 "
1991475,Warsaw,San Marino,Outdoor,1991,A,32,"$150,000 "
1991379,Prague,Prague,Outdoor,1991,A,32,"$350,000 "
1991322,Geneva,Geneva,Outdoor,1991,A,32,"$250,000 "
1991325,Palermo,Palermo,Outdoor,1991,A,32,"$300,000 "
1991367,Athens,Athens,Outdoor,1991,A,32,"$150,000 "
1992201,Maceio,Maceio,Outdoor,1992,A,32,"$155,000 "
1992360,Casablanca,Casablanca,Outdoor,1992,A,32,"$155,000 "
1992468,Estoril,Estoril,Outdoor,1992,A,32,"$502,500 "
1992425,Barcelona,Barcelona,Outdoor,1992,A,56,"$800,000 "
1992305,Nice,Nice,Outdoor,1992,A,32,"$260,000 "
1992346,Tampa,Tampa,Outdoor,1992,A,32,"$260,000 "
1992410,Monte Carlo Masters,Monte Carlo,Outdoor,1992,M,56,"$1,270,000 "
1992409,Atlanta,Atlanta,Outdoor,1992,A,32,"$260,000 "
1992309,Madrid Masters,Madrid,Outdoor,1992,M,32,"$750,000 "
1992308,Munich,Munich,Outdoor,1992,A,32,"$300,000 "
1992717,Houston,Charlotte,Outdoor,1992,A,32,"$260,000 "
1992414,Hamburg Masters,Hamburg,Outdoor,1992,A,56,"$1,250,000 "
1992416,Rome Masters,Rome,Outdoor,1992,M,64,"$1,403,000 "
1992312,Bologna,Bologna,Outdoor,1992,A,32,"$265,000 "
1992615,Dusseldorf,Dusseldorf,Outdoor,1992,A,32,"$1,377,500 "
1992520,Roland Garros,Paris,Outdoor,1992,G,128,
1992310,Oporto,Florence,Outdoor,1992,A,32,"$260,000 "
1992306,Kitzbuhel,Genova,Outdoor,1992,A,32,"$260,000 "
1992316,Bastad,Bastad,Outdoor,1992,A,32,"$260,000 "
1992314,Gstaad,Gstaad,Outdoor,1992,A,32,"$330,500 "
1992321,Stuttgart,Stuttgart,Outdoor,1992,A,48,"$1,040,000 "
1992317,Amersfoort,Hilversum,Outdoor,1992,A,32,"$260,000 "
1992319,Kitzbuhel,Kitzbuhel,Outdoor,1992,A,48,"$392,500 "
199292,Barcelona Olympics,Barcelona,Outdoor,1992,A,64,
1992475,Warsaw,San Marino,Outdoor,1992,A,32,"$260,000 "
1992379,Prague,Prague,Outdoor,1992,A,32,"$365,000 "
1992439,Umag,Umag,Outdoor,1992,A,32,"$260,000 "
1992323,Bordeaux,Bordeaux,Outdoor,1992,A,32,"$330,000 "
19927300,Cologne,Cologne,Outdoor,1992,A,32,
1992325,Palermo,Palermo,Outdoor,1992,A,32,"$315,000 "
1992367,Athens,Athens,Outdoor,1992,A,32,"$155,000 "
1993807,Acapulco,Mexico City,Outdoor,1993,A,32,"$300,000 "
1993360,Casablanca,Casablanca,Outdoor,1993,A,32,"$200,000 "
1993468,Estoril,Estoril,Outdoor,1993,A,32,"$525,000 "
1993425,Barcelona,Barcelona,Outdoor,1993,A,56,"$875,000 "
1993717,Houston,Charlotte,Outdoor,1993,A,32,"$300,000 "
1993305,Nice,Nice,Outdoor,1993,A,32,"$300,000 "
1993410,Monte Carlo Masters,Monte Carlo,Outdoor,1993,M,56,"$1,650,000 "
1993409,Atlanta,Atlanta,Outdoor,1993,A,32,"$300,000 "
1993309,Madrid Masters,Madrid,Outdoor,1993,M,32,"$800,000 "
1993308,Munich,Munich,Outdoor,1993,A,32,"$300,000 "
1993414,Hamburg Masters,Hamburg,Outdoor,1993,A,56,"$1,700,000 "
1993346,Tampa,Tampa,Outdoor,1993,A,32,"$260,000 "
1993416,Rome Masters,Rome,Outdoor,1993,M,64,"$1,750,000 "
1993312,Bologna,Bologna,Outdoor,1993,A,32,"$300,000 "
1993615,Dusseldorf,Dusseldorf,Outdoor,1993,A,32,"$1,750,000 "
1993520,Roland Garros,Paris,Outdoor,1993,G,128,"$4,429,041 "
1993310,Oporto,Florence,Outdoor,1993,A,32,"$300,000 "
1993306,Kitzbuhel,Genova,Outdoor,1993,A,32,"$300,000 "
1993316,Bastad,Bastad,Outdoor,1993,A,32,"$260,000 "
1993314,Gstaad,Gstaad,Outdoor,1993,A,32,"$400,000 "
1993321,Stuttgart,Stuttgart,Outdoor,1993,A,56,"$1,040,000 "
1993317,Amersfoort,Hilversum,Outdoor,1993,A,32,"$260,000 "
1993319,Kitzbuhel,Kitzbuhel,Outdoor,1993,A,48,"$400,000 "
1993379,Prague,Prague,Outdoor,1993,A,32,"$365,000 "
1993475,Warsaw,San Marino,Outdoor,1993,A,32,"$300,000 "
1993439,Umag,Umag,Outdoor,1993,A,32,"$400,000 "
1993773,Bucharest,Bucharest,Outdoor,1993,A,32,"$525,000 "
1993325,Palermo,Palermo,Outdoor,1993,A,32,"$315,000 "
1993367,Athens,Athens,Outdoor,1993,A,32,"$200,000 "
1993505,Vina del Mar,Santiago,Outdoor,1993,A,32,"$200,000 "
1993240,Sao Paulo,Sao Paulo,Outdoor,1993,A,32,"$200,000 "
19937304,Buenos Aires,Buenos Aires,Outdoor,1993,A,32,"$300,000 "
1994807,Acapulco,Mexico City,Outdoor,1994,A,32,"$325,000 "
1994360,Casablanca,Casablanca,Outdoor,1994,A,32,"$213,750 "
1994468,Estoril,Estoril,Outdoor,1994,A,32,"$525,000 "
1994425,Barcelona,Barcelona,Outdoor,1994,A,56,"$900,000 "
1994717,Houston,Birmingham,Outdoor,1994,A,32,"$313,750 "
1994305,Nice,Nice,Outdoor,1994,A,32,"$313,750 "
1994410,Monte Carlo Masters,Monte Carlo,Outdoor,1994,M,64,"$1,720,000 "
1994409,Atlanta,Atlanta,Outdoor,1994,A,32,"$313,750 "
1994309,Madrid Masters,Madrid,Outdoor,1994,M,32,"$800,000 "
1994308,Munich,Munich,Outdoor,1994,A,32,"$425,000 "
1994414,Hamburg Masters,Hamburg,Outdoor,1994,A,56,"$1,720,000 "
1994436,Bermuda,Pinehurst,Outdoor,1994,A,32,"$313,750 "
1994416,Rome Masters,Rome,Outdoor,1994,M,64,"$2,000,000 "
1994312,Bologna,Bologna,Outdoor,1994,A,32,"$313,750 "
1994615,Dusseldorf,Dusseldorf,Outdoor,1994,A,32,"$1,750,000 "
1994520,Roland Garros,Paris,Outdoor,1994,G,128,
1994310,Oporto,Florence,Outdoor,1994,A,32,"$313,750 "
1994306,Kitzbuhel,St. Poelten,Outdoor,1994,A,32,"$325,000 "
1994316,Bastad,Bastad,Outdoor,1994,A,32,"$313,750 "
1994314,Gstaad,Gstaad,Outdoor,1994,A,32,"$400,000 "
1994321,Stuttgart,Stuttgart,Outdoor,1994,A,48,"$1,040,000 "
1994317,Amersfoort,Hilversum,Outdoor,1994,A,32,"$300,000 "
1994319,Kitzbuhel,Kitzbuhel,Outdoor,1994,A,48,"$400,000 "
1994379,Prague,Prague,Outdoor,1994,A,32,"$365,000 "
1994475,Warsaw,San Marino,Outdoor,1994,A,32,"$300,000 "
1994439,Umag,Umag,Outdoor,1994,A,32,"$400,000 "
1994359,Bogota,Bogota,Outdoor,1994,A,32,"$313,750 "
1994773,Bucharest,Bucharest,Outdoor,1994,A,32,"$550,000 "
1994325,Palermo,Palermo,Outdoor,1994,A,32,"$315,000 "
1994367,Athens,Athens,Outdoor,1994,A,32,"$213,750 "
1994505,Vina del Mar,Santiago,Outdoor,1994,A,32,"$213,750 "
1994544,Montevideo,Montevideo,Outdoor,1994,A,32,"$213,750 "
19947304,Buenos Aires,Buenos Aires,Outdoor,1994,A,32,"$313,750 "
1995807,Acapulco,Mexico City,Outdoor,1995,A,32,"$330,000 "
1995360,Casablanca,Casablanca,Outdoor,1995,A,32,"$228,000 "
1995468,Estoril,Estoril,Outdoor,1995,A,32,"$575,000 "
1995425,Barcelona,Barcelona,Outdoor,1995,A,56,"$900,000 "
1995436,Bermuda,Bermuda,Outdoor,1995,A,32,"$328,000 "
1995305,Nice,Nice,Outdoor,1995,A,32,"$328,000 "
1995410,Monte Carlo Masters,Monte Carlo,Outdoor,1995,M,56,"$1,795,000 "
1995409,Atlanta,Atlanta,Outdoor,1995,A,32,"$425,000 "
1995308,Munich,Munich,Outdoor,1995,A,32,"$328,000 "
1995414,Hamburg Masters,Hamburg,Outdoor,1995,A,56,"$1,795,000 "
1995717,Houston,Pinehurst,Outdoor,1995,A,32,"$289,250 "
1995416,Rome Masters,Rome,Outdoor,1995,M,64,"$2,000,000 "
1995312,Bologna,Bologna,Outdoor,1995,A,32,"$328,000 "
1995615,Dusseldorf,Dusseldorf,Outdoor,1995,A,32,"$1,800,000 "
1995520,Roland Garros,Paris,Outdoor,1995,G,128,
1995310,Oporto,Oporto,Outdoor,1995,A,32,"$328,000 "
1995306,Kitzbuhel,St. Poelten,Outdoor,1995,A,32,"$375,000 "
1995316,Bastad,Bastad,Outdoor,1995,A,32,"$328,000 "
1995314,Gstaad,Gstaad,Outdoor,1995,A,32,"$550,000 "
1995321,Stuttgart,Stuttgart,Outdoor,1995,A,48,"$1,040,000 "
1995317,Amersfoort,Amsterdam,Outdoor,1995,A,32,"$500,000 "
1995319,Kitzbuhel,Kitzbuhel,Outdoor,1995,A,48,"$425,000 "
1995379,Prague,Prague,Outdoor,1995,A,32,"$365,000 "
1995475,Warsaw,San Marino,Outdoor,1995,A,32,"$300,000 "
1995439,Umag,Umag,Outdoor,1995,A,32,"$400,000 "
1995359,Bogota,Bogota,Outdoor,1995,A,32,"$328,000 "
1995773,Bucharest,Bucharest,Outdoor,1995,A,32,"$1,375,000 "
1995325,Palermo,Palermo,Outdoor,1995,A,32,"$328,000 "
19957306,Mallorca,Valencia,Outdoor,1995,A,32,"$228,000 "
1995505,Vina del Mar,Santiago,Outdoor,1995,A,32,"$228,750 "
1995544,Montevideo,Montevideo,Outdoor,1995,A,32,"$228,000 "
19957304,Buenos Aires,Buenos Aires,Outdoor,1995,A,32,"$328,000 "
1996807,Acapulco,Mexico City,Outdoor,1996,A,32,"$330,000 "
1996360,Casablanca,Casablanca,Outdoor,1996,A,32,"$228,000 "
1996468,Estoril,Estoril,Outdoor,1996,A,32,"$625,000 "
1996425,Barcelona,Barcelona,Outdoor,1996,A,56,"$925,000 "
1996436,Bermuda,Bermuda,Outdoor,1996,A,32,"$328,000 "
1996410,Monte Carlo Masters,Monte Carlo,Outdoor,1996,M,56,"$2,200,000 "
1996409,Atlanta,Atlanta,Outdoor,1996,A,32,"$328,000 "
1996308,Munich,Munich,Outdoor,1996,A,32,"$425,000 "
1996379,Prague,Prague,Outdoor,1996,A,32,"$365,000 "
1996414,Hamburg Masters,Hamburg,Outdoor,1996,A,56,"$2,200,000 "
1996717,Houston,Pinehurst,Outdoor,1996,A,32,"$289,250 "
1996416,Rome Masters,Rome,Outdoor,1996,M,64,"$2,200,000 "
1996615,Dusseldorf,Dusseldorf,Outdoor,1996,A,32,"$1,900,000 "
1996306,Kitzbuhel,St. Poelten,Outdoor,1996,A,32,"$425,000 "
1996520,Roland Garros,Paris,Outdoor,1996,G,128,
1996310,Oporto,Oporto,Outdoor,1996,A,32,"$425,000 "
1996312,Bologna,Bologna,Outdoor,1996,A,32,"$328,000 "
1996316,Bastad,Bastad,Outdoor,1996,A,32,"$328,000 "
1996314,Gstaad,Gstaad,Outdoor,1996,A,32,"$550,000 "
1996321,Stuttgart,Stuttgart,Outdoor,1996,A,48,"$1,040,000 "
1996319,Kitzbuhel,Kitzbuhel,Outdoor,1996,A,48,"$425,000 "
1996317,Amersfoort,Amsterdam,Outdoor,1996,A,32,"$500,000 "
1996475,Warsaw,San Marino,Outdoor,1996,A,32,"$300,000 "
1996439,Umag,Umag,Outdoor,1996,A,32,"$400,000 "
1996359,Bogota,Bogota,Outdoor,1996,A,32,"$328,000 "
1996620,Brighton,Bournemouth,Outdoor,1996,A,32,"$400,000 "
1996773,Bucharest,Bucharest,Outdoor,1996,A,32,"$500,000 "
1996325,Palermo,Palermo,Outdoor,1996,A,32,"$328,000 "
19967306,Mallorca,Marbella,Outdoor,1996,A,32,"$328,000 "
1996505,Vina del Mar,Santiago,Outdoor,1996,A,32,"$228,000 "
1997360,Casablanca,Casablanca,Outdoor,1997,A,32,"$228,000 "
1997468,Estoril,Estoril,Outdoor,1997,A,32,"$625,000 "
1997425,Barcelona,Barcelona,Outdoor,1997,A,56,"$950,000 "
1997410,Monte Carlo Masters,Monte Carlo,Outdoor,1997,M,56,"$2,300,000 "
1997717,Houston,Orlando,Outdoor,1997,A,32,"$289,250 "
1997409,Atlanta,Atlanta,Outdoor,1997,A,32,"$328,000 "
1997308,Munich,Munich,Outdoor,1997,A,32,"$425,000 "
1997379,Prague,Prague,Outdoor,1997,A,32,"$365,000 "
1997414,Hamburg Masters,Hamburg,Outdoor,1997,A,56,"$2,300,000 "
1997416,Rome Masters,Rome,Outdoor,1997,M,64,"$2,300,000 "
1997615,Dusseldorf,Dusseldorf,Outdoor,1997,A,32,"$1,900,000 "
1997306,Kitzbuhel,St. Poelten,Outdoor,1997,A,32,"$425,000 "
1997520,Roland Garros,Paris,Outdoor,1997,G,128,"$5,544,184 "
1997312,Bologna,Bologna,Outdoor,1997,A,32,"$328,000 "
1997316,Bastad,Bastad,Outdoor,1997,A,32,"$328,000 "
1997314,Gstaad,Gstaad,Outdoor,1997,A,32,"$550,000 "
1997321,Stuttgart,Stuttgart,Outdoor,1997,A,48,"$1,040,000 "
1997319,Kitzbuhel,Kitzbuhel,Outdoor,1997,A,48,"$525,000 "
1997439,Umag,Umag,Outdoor,1997,A,32,"$400,000 "
1997317,Amersfoort,Amsterdam,Outdoor,1997,A,32,"$500,000 "
1997475,Warsaw,San Marino,Outdoor,1997,A,32,"$300,000 "
1997620,Brighton,Bournemouth,Outdoor,1997,A,32,"$400,000 "
19977306,Mallorca,Marbella,Outdoor,1997,A,32,"$328,000 "
1997773,Bucharest,Bucharest,Outdoor,1997,A,32,"$500,000 "
1997325,Palermo,Palermo,Outdoor,1997,A,32,"$328,000 "
1997807,Acapulco,Mexico City,Outdoor,1997,A,32,"$330,000 "
1997359,Bogota,Bogota,Outdoor,1997,A,32,"$328,000 "
1997505,Vina del Mar,Santiago,Outdoor,1997,A,32,"$328,000 "
1998360,Casablanca,Casablanca,Outdoor,1998,A,32,"$235,000 "
1998468,Estoril,Estoril,Outdoor,1998,A,32,"$625,000 "
1998425,Barcelona,Barcelona,Outdoor,1998,A,56,"$950,000 "
1998410,Monte Carlo Masters,Monte Carlo,Outdoor,1998,M,56,"$2,450,000 "
1998717,Houston,Orlando,Outdoor,1998,A,32,"$289,250 "
1998409,Atlanta,Atlanta,Outdoor,1998,A,32,"$340,000 "
1998308,Munich,Munich,Outdoor,1998,A,32,"$525,000 "
1998379,Prague,Prague,Outdoor,1998,A,32,"$365,000 "
1998414,Hamburg Masters,Hamburg,Outdoor,1998,A,56,"$2,450,000 "
1998416,Rome Masters,Rome,Outdoor,1998,M,64,"$2,450,000 "
1998615,Dusseldorf,Dusseldorf,Outdoor,1998,A,32,"$1,900,000 "
1998306,Kitzbuhel,St. Poelten,Outdoor,1998,A,32,"$425,000 "
1998520,Roland Garros,Paris,Outdoor,1998,G,128,"$5,026,607 "
1998312,Bologna,Bologna,Outdoor,1998,A,32,"$340,000 "
1998316,Bastad,Bastad,Outdoor,1998,A,32,"$340,000 "
1998314,Gstaad,Gstaad,Outdoor,1998,A,32,"$550,000 "
1998321,Stuttgart,Stuttgart,Outdoor,1998,A,48,"$1,040,000 "
1998319,Kitzbuhel,Kitzbuehel,Outdoor,1998,A,48,"$525,000 "
1998439,Umag,Umag,Outdoor,1998,A,32,"$400,000 "
1998317,Amersfoort,Amsterdam,Outdoor,1998,A,32,"$500,000 "
1998475,Warsaw,San Marino,Outdoor,1998,A,32,"$300,000 "
1998620,Brighton,Bournemouth,Outdoor,1998,A,32,"$400,000 "
1998773,Bucharest,Bucharest,Outdoor,1998,A,32,"$500,000 "
19987306,Mallorca,Mallorca,Outdoor,1998,A,32,"$475,000 "
1998325,Palermo,Palermo,Outdoor,1998,A,32,"$340,000 "
1998807,Acapulco,Mexico City,Outdoor,1998,A,32,"$340,000 "
1998359,Bogota,Bogota,Outdoor,1998,A,32,"$340,000 "
1998505,Vina del Mar,Santiago,Outdoor,1998,A,32,"$340,000 "
1999360,Casablanca,Casablanca,Outdoor,1999,A,32,"$240,000 "
1999468,Estoril,Estoril,Outdoor,1999,A,32,"$625,000 "
1999425,Barcelona,Barcelona,Outdoor,1999,A,56,"$950,000 "
1999410,Monte Carlo Masters,Monte Carlo,Outdoor,1999,M,56,"$2,450,000 "
1999717,Houston,Orlando,Outdoor,1999,A,32,"$289,250 "
1999409,Atlanta,Atlanta,Outdoor,1999,A,32,"$350,000 "
1999308,Munich,Munich,Outdoor,1999,A,32,"$525,000 "
1999379,Prague,Prague,Outdoor,1999,A,32,"$500,000 "
1999414,Hamburg Masters,Hamburg,Outdoor,1999,A,56,"$2,450,000 "
1999416,Rome Masters,Rome,Outdoor,1999,M,64,"$2,450,000 "
1999615,Dusseldorf,Dusseldorf,Outdoor,1999,A,64,"$1,650,000 "
1999306,Kitzbuhel,St. Poelten,Outdoor,1999,A,32,"$425,000 "
1999520,Roland Garros,Paris,Outdoor,1999,G,128,"$5,159,915 "
1999473,Merano,Merano,Outdoor,1999,A,32,"$350,000 "
1999316,Bastad,Bastad,Outdoor,1999,A,32,"$350,000 "
1999314,Gstaad,Gstaad,Outdoor,1999,A,32,"$550,000 "
1999321,Stuttgart,Stuttgart,Outdoor,1999,A,48,"$1,040,000 "
1999319,Kitzbuhel,Kitzbuhel,Outdoor,1999,A,48,"$525,000 "
1999439,Umag,Umag,Outdoor,1999,A,32,"$400,000 "
1999317,Amersfoort,Amsterdam,Outdoor,1999,A,32,"$500,000 "
1999475,Warsaw,San Marino,Outdoor,1999,A,32,"$300,000 "
1999620,Brighton,Bournemouth,Outdoor,1999,A,32,"$400,000 "
19997306,Mallorca,Mallorca,Outdoor,1999,A,32,"$500,000 "
1999773,Bucharest,Bucharest,Outdoor,1999,A,32,"$350,000 "
1999325,Palermo,Palermo,Outdoor,1999,A,32,"$350,000 "
2000807,Acapulco,Mexico City,Outdoor,2000,A,32,"$800,000 "
2000505,Vina del Mar,Santiago,Outdoor,2000,A,32,"$375,000 "
2000359,Bogota,Bogota,Outdoor,2000,A,32,"$375,000 "
2000409,Atlanta,Atlanta,Outdoor,2000,A,32,"$375,000 "
2000360,Casablanca,Casablanca,Outdoor,2000,A,32,"$350,000 "
2000468,Estoril,Estoril,Outdoor,2000,A,32,"$625,000 "
2000410,Monte Carlo Masters,Monte Carlo,Outdoor,2000,M,64,"$2,950,000 "
2000425,Barcelona,Barcelona,Outdoor,2000,A,56,"$1,000,000 "
20007306,Mallorca,Mallorca,Outdoor,2000,A,32,"$500,000 "
2000308,Munich,Munich,Outdoor,2000,A,32,"$400,000 "
2000717,Houston,Orlando,Outdoor,2000,A,32,"$350,000 "
2000416,Rome Masters,Rome,Outdoor,2000,M,64,"$2,950,000 "
2000414,Hamburg Masters,Hamburg,Outdoor,2000,A,64,"$2,950,000 "
2000615,Dusseldorf,Dusseldorf,Outdoor,2000,A,64,"$1,900,000 "
2000306,Kitzbuhel,St. Poelten,Outdoor,2000,A,32,"$425,000 "
2000520,Roland Garros,Paris,Outdoor,2000,G,128,"$4,564,505 "
2000316,Bastad,Bastad,Outdoor,2000,A,32,"$375,000 "
2000314,Gstaad,Gstaad,Outdoor,2000,A,32,"$600,000 "
2000317,Amersfoort,Amsterdam,Outdoor,2000,A,32,"$400,000 "
2000321,Stuttgart,Stuttgart,Outdoor,2000,A,32,"$1,000,000 "
2000439,Umag,Umag,Outdoor,2000,A,32,"$400,000 "
2000319,Kitzbuhel,Kitzbuhel,Outdoor,2000,A,48,"$750,000 "
2000475,Warsaw,San Marino,Outdoor,2000,A,32,"$350,000 "
2000773,Bucharest,Bucharest,Outdoor,2000,A,32,"$375,000 "
2000325,Palermo,Palermo,Outdoor,2000,A,32,"$375,000 "
2001359,Bogota,Bogota,Outdoor,2001,A,32,"$375,000 "
2001505,Vina del Mar,Vina Del Mar,Outdoor,2001,A,32,"$375,000 "
2001506,Buenos Aires,Buenos Aires,Outdoor,2001,A,32,"$600,000 "
2001807,Acapulco,Acapulco,Outdoor,2001,A,32,"$800,000 "
2001360,Casablanca,Casablanca,Outdoor,2001,A,32,"$350,000 "
2001468,Estoril,Estoril,Outdoor,2001,A,32,"$625,000 "
2001410,Monte Carlo Masters,Monte Carlo,Outdoor,2001,M,64,"$2,950,000 "
2001409,Atlanta,Atlanta,Outdoor,2001,A,32,"$400,000 "
2001425,Barcelona,Barcelona,Outdoor,2001,A,56,"$1,000,000 "
2001717,Houston,Houston,Outdoor,2001,A,32,"$350,000 "
20017306,Mallorca,Mallorca,Outdoor,2001,A,32,"$500,000 "
2001308,Munich,Munich,Outdoor,2001,A,32,"$400,000 "
2001416,Rome Masters,Rome,Outdoor,2001,M,64,"$2,950,000 "
2001414,Hamburg Masters,Hamburg,Outdoor,2001,A,64,"$2,950,000 "
2001615,Dusseldorf,Dusseldorf,Outdoor,2001,A,64,"$1,900,000 "
2001306,Kitzbuhel,St. Poelten,Outdoor,2001,A,32,"$425,000 "
2001520,Roland Garros,Paris,Outdoor,2001,G,128,"$4,700,806 "
2001316,Bastad,Bastad,Outdoor,2001,A,32,"$400,000 "
2001314,Gstaad,Gstaad,Outdoor,2001,A,32,"$600,000 "
2001317,Amersfoort,Amsterdam,Outdoor,2001,A,32,"$400,000 "
2001321,Stuttgart,Stuttgart,Outdoor,2001,A,48,"$800,000 "
2001439,Umag,Umag,Outdoor,2001,A,32,"$400,000 "
2001319,Kitzbuhel,Kitzbuhel,Outdoor,2001,A,48,"$900,000 "
2001475,Warsaw,Sopot,Outdoor,2001,A,32,"$400,000 "
2001773,Bucharest,Bucharest,Outdoor,2001,A,32,"$400,000 "
2001533,Sao Paulo,Sao Paulo,Outdoor,2001,A,32,"$375,000 "
2001325,Palermo,Palermo,Outdoor,2001,A,32,"$400,000 "
2002505,Vina del Mar,Vina Del Mar,Outdoor,2002,A,32,"$381,000 "
2002506,Buenos Aires,Buenos Aires,Outdoor,2002,A,32,"$425,000 "
2002807,Acapulco,Acapulco,Outdoor,2002,A,32,"$725,000 "
2002360,Casablanca,Casablanca,Outdoor,2002,A,32,"$381,000 "
2002468,Estoril,Estoril,Outdoor,2002,A,32,"$600,000 "
2002410,Monte Carlo Masters,Monte Carlo,Outdoor,2002,M,64,"$2,950,000 "
2002425,Barcelona,Barcelona,Outdoor,2002,A,56,"$955,000 "
2002717,Houston,Houston,Outdoor,2002,A,32,"$400,000 "
20027306,Mallorca,Mallorca,Outdoor,2002,A,32,"$381,000 "
2002308,Munich,Munich,Outdoor,2002,A,32,"$381,000 "
2002416,Rome Masters,Rome,Outdoor,2002,M,64,"$2,950,000 "
2002414,Hamburg Masters,Hamburg,Outdoor,2002,A,64,"$2,950,000 "
2002615,Dusseldorf,Dusseldorf,Outdoor,2002,A,64,"$2,100,000 "
2002306,Kitzbuhel,St. Poelten,Outdoor,2002,A,32,"$381,000 "
2002520,Roland Garros,Paris,Outdoor,2002,G,128,"$5,268,536 "
2002316,Bastad,Bastad,Outdoor,2002,A,32,"$381,000 "
2002314,Gstaad,Gstaad,Outdoor,2002,A,32,"$600,000 "
2002317,Amersfoort,Amersfoort,Outdoor,2002,A,32,"$381,000 "
2002321,Stuttgart,Stuttgart,Outdoor,2002,A,32,"$500,000 "
2002439,Umag,Umag,Outdoor,2002,A,32,"$381,000 "
2002319,Kitzbuhel,Kitzbuhel,Outdoor,2002,A,48,"$880,000 "
2002475,Warsaw,Sopot,Outdoor,2002,A,32,"$381,000 "
2002773,Bucharest,Bucharest,Outdoor,2002,A,32,"$381,000 "
2002533,Sao Paulo,Sao Paulo,Outdoor,2002,A,32,"$571,000 "
2002325,Palermo,Palermo,Outdoor,2002,A,32,"$381,000 "
2003505,Vina del Mar,Vina Del Mar,Outdoor,2003,A,32,"$345,000 "
2003506,Buenos Aires,Buenos Aires,Outdoor,2003,A,32,"$380,000 "
2003807,Acapulco,Acapulco,Outdoor,2003,A,32,"$690,000 "
2003360,Casablanca,Casablanca,Outdoor,2003,A,32,"$400,000 "
2003468,Estoril,Estoril,Outdoor,2003,A,32,"$525,000 "
2003410,Monte Carlo Masters,Monte Carlo,Outdoor,2003,M,64,"$2,450,000 "
2003425,Barcelona,Barcelona,Outdoor,2003,A,56,"$1,000,000 "
2003717,Houston,Houston,Outdoor,2003,A,32,"$380,000 "
2003308,Munich,Munich,Outdoor,2003,A,32,"$380,000 "
2003573,Valencia,Valencia,Outdoor,2003,A,32,"$400,000 "
2003416,Rome Masters,Rome,Outdoor,2003,M,64,"$2,450,000 "
2003414,Hamburg Masters,Hamburg,Outdoor,2003,A,64,"$2,450,000 "
2003615,Dusseldorf,Dusseldorf,Outdoor,2003,A,64,"$1,850,000 "
2003306,Kitzbuhel,St. Poelten,Outdoor,2003,A,32,"$380,000 "
2003520,Roland Garros,Paris,Outdoor,2003,G,128,"$7,202,717 "
2003316,Bastad,Bastad,Outdoor,2003,A,32,"$380,000 "
2003314,Gstaad,Gstaad,Outdoor,2003,A,32,"$550,000 "
2003317,Amersfoort,Amersfoort,Outdoor,2003,A,32,"$380,000 "
2003321,Stuttgart,Stuttgart,Outdoor,2003,A,48,"$765,000 "
2003319,Kitzbuhel,Kitzbuhel,Outdoor,2003,A,48,"$925,000 "
2003439,Umag,Umag,Outdoor,2003,A,32,"$400,000 "
2003475,Warsaw,Sopot,Outdoor,2003,A,32,"$500,000 "
2003773,Bucharest,Bucharest,Outdoor,2003,A,32,"$380,000 "
2003533,Sao Paulo,Sao Paulo,Outdoor,2003,A,32,"$380,000 "
2003325,Palermo,Palermo,Outdoor,2003,A,32,"$380,000 "
2004505,Vina del Mar,Vina Del Mar,Outdoor,2004,A,32,"$333,000 "
2004506,Buenos Aires,Buenos Aires,Outdoor,2004,A,32,"$380,000 "
2004533,Sao Paulo,Sao Paulo,Outdoor,2004,A,32,"$380,000 "
2004807,Acapulco,Acapulco,Outdoor,2004,A,32,"$652,000 "
2004468,Estoril,Estoril,Outdoor,2004,A,32,"$525,000 "
2004717,Houston,Houston,Outdoor,2004,A,32,"$380,000 "
2004573,Valencia,Valencia,Outdoor,2004,A,32,"$400,000 "
2004410,Monte Carlo Masters,Monte Carlo,Outdoor,2004,M,64,"$2,450,000 "
2004425,Barcelona,Barcelona,Outdoor,2004,A,56,"$1,000,000 "
2004308,Munich,Munich,Outdoor,2004,A,32,"$380,000 "
2004416,Rome Masters,Rome,Outdoor,2004,M,64,"$2,450,000 "
2004414,Hamburg Masters,Hamburg,Outdoor,2004,A,64,"$2,450,000 "
2004360,Casablanca,Casablanca,Outdoor,2004,A,32,"$380,000 "
2004615,Dusseldorf,Dusseldorf,Outdoor,2004,A,64,"$1,850,000 "
2004306,Kitzbuhel,St. Poelten,Outdoor,2004,A,32,"$380,000 "
2004520,Roland Garros,Paris,Outdoor,2004,G,128,"$7,462,318 "
2004316,Bastad,Bastad,Outdoor,2004,A,32,"$380,000 "
2004314,Gstaad,Gstaad,Outdoor,2004,A,32,"$544,750 "
2004317,Amersfoort,Amersfoort,Outdoor,2004,A,32,"$380,000 "
2004321,Stuttgart,Stuttgart,Outdoor,2004,A,48,"$614,750 "
2004319,Kitzbuhel,Kitzbuhel,Outdoor,2004,A,48,"$800,000 "
2004439,Umag,Umag,Outdoor,2004,A,32,"$395,750 "
2004475,Warsaw,Sopot,Outdoor,2004,A,32,"$500,000 "
2004773,Bucharest,Bucharest,Outdoor,2004,A,32,"$380,000 "
2004325,Palermo,Palermo,Outdoor,2004,A,32,"$380,000 "
2005505,Vina del Mar,Vina Del Mar,Outdoor,2005,A,32,"$380,000 "
2005506,Buenos Aires,Buenos Aires,Outdoor,2005,A,32,"$380,000 "
2005533,Sao Paulo,Sao Paulo,Outdoor,2005,A,32,"$380,000 "
2005807,Acapulco,Acapulco,Outdoor,2005,A,32,"$643,000 "
2005360,Casablanca,Casablanca,Outdoor,2005,A,32,"$380,000 "
2005573,Valencia,Valencia,Outdoor,2005,A,32,"$400,000 "
2005410,Monte Carlo Masters,Monte Carlo,Outdoor,2005,M,64,"$2,450,000 "
2005425,Barcelona,Barcelona,Outdoor,2005,A,56,"$1,000,000 "
2005717,Houston,Houston,Outdoor,2005,A,32,"$380,000 "
2005468,Estoril,Estoril,Outdoor,2005,A,32,"$625,000 "
2005308,Munich,Munich,Outdoor,2005,A,32,"$380,000 "
2005416,Rome Masters,Rome,Outdoor,2005,M,64,"$2,450,000 "
2005414,Hamburg Masters,Hamburg,Outdoor,2005,A,64,"$2,450,000 "
2005615,Dusseldorf,Dusseldorf,Outdoor,2005,A,32,"$1,500,000 "
2005306,Kitzbuhel,St. Poelten,Outdoor,2005,A,32,"$380,000 "
2005520,Roland Garros,Paris,Outdoor,2005,G,128,"$7,992,394 "
2005316,Bastad,Bastad,Outdoor,2005,A,32,"$380,000 "
2005314,Gstaad,Gstaad,Outdoor,2005,A,32,"$495,000 "
2005317,Amersfoort,Amersfoort,Outdoor,2005,A,32,"$380,000 "
2005321,Stuttgart,Stuttgart,Outdoor,2005,A,48,"$719,000 "
2005319,Kitzbuhel,Kitzbuhel,Outdoor,2005,A,48,"$760,000 "
2005439,Umag,Umag,Outdoor,2005,A,32,"$400,000 "
2005475,Warsaw,Sopot,Outdoor,2005,A,32,"$500,000 "
2005773,Bucharest,Bucharest,Outdoor,2005,A,32,"$380,000 "
2005325,Palermo,Palermo,Outdoor,2005,A,32,"$380,000 "
2006505,Vina del Mar,Vina Del Mar,Outdoor,2006,A,32,"$380,000 "
2006506,Buenos Aires,Buenos Aires,Outdoor,2006,A,32,"$425,000 "
2006533,Sao Paulo,Sao Paulo,Outdoor,2006,A,32,"$380,000 "
2006807,Acapulco,Acapulco,Outdoor,2006,A,32,"$690,000 "
2006717,Houston,Houston,Outdoor,2006,A,32,"$380,000 "
2006573,Valencia,Valencia,Outdoor,2006,A,32,"$400,000 "
2006410,Monte Carlo Masters,Monte Carlo,Outdoor,2006,M,64,"$2,450,000 "
2006425,Barcelona,Barcelona,Outdoor,2006,A,56,"$1,000,000 "
2006360,Casablanca,Casablanca,Outdoor,2006,A,32,"$380,000 "
2006468,Estoril,Estoril,Outdoor,2006,A,32,"$625,000 "
2006308,Munich,Munich,Outdoor,2006,A,32,"$380,000 "
2006416,Rome Masters,Rome,Outdoor,2006,M,64,"$2,450,000 "
2006414,Hamburg Masters,Hamburg,Outdoor,2006,A,64,"$2,450,000 "
2006615,Dusseldorf,Dusseldorf,Outdoor,2006,A,32,"$1,764,706 "
2006306,Kitzbuhel,Poertschach,Outdoor,2006,A,32,"$380,000 "
2006520,Roland Garros,Paris,Outdoor,2006,G,128,"$8,543,691 "
2006316,Bastad,Bastad,Outdoor,2006,A,32,"$380,000 "
2006314,Gstaad,Gstaad,Outdoor,2006,A,32,"$495,000 "
2006317,Amersfoort,Amersfoort,Outdoor,2006,A,32,"$380,000 "
2006321,Stuttgart,Stuttgart,Outdoor,2006,A,48,"$690,000 "
2006319,Kitzbuhel,Kitzbuhel,Outdoor,2006,A,48,"$760,000 "
2006439,Umag,Umag,Outdoor,2006,A,32,"$400,000 "
2006475,Warsaw,Sopot,Outdoor,2006,A,32,"$500,000 "
2006773,Bucharest,Bucharest,Outdoor,2006,A,32,"$380,000 "
2006325,Palermo,Palermo,Outdoor,2006,A,32,"$380,000 "
2007505,Vina del Mar,Vina Del Mar,Outdoor,2007,A,24,"$448,000 "
2007533,Sao Paulo,Sao Paulo,Outdoor,2007,A,32,"$456,000 "
2007506,Buenos Aires,Buenos Aires,Outdoor,2007,A,32,"$445,000 "
2007807,Acapulco,Acapulco,Outdoor,2007,A,32,"$757,000 "
2007717,Houston,Houston,Outdoor,2007,A,32,"$416,000 "
2007573,Valencia,Valencia,Outdoor,2007,A,32,"$416,000 "
2007410,Monte Carlo Masters,Monte Carlo,Outdoor,2007,M,56,"$2,450,000 "
2007425,Barcelona,Barcelona,Outdoor,2007,A,56,"$1,000,000 "
2007360,Casablanca,Casablanca,Outdoor,2007,A,32,"$416,000 "
2007468,Estoril,Estoril,Outdoor,2007,A,32,"$625,000 "
2007308,Munich,Munich,Outdoor,2007,A,32,"$416,000 "
2007416,Rome Masters,Rome,Outdoor,2007,M,56,"$2,450,000 "
2007414,Hamburg Masters,Hamburg,Outdoor,2007,A,56,"$2,450,000 "
2007615,Dusseldorf,Dusseldorf,Outdoor,2007,A,32,"$1,680,500 "
2007306,Kitzbuhel,Poertschach,Outdoor,2007,A,32,"$416,000 "
2007520,Roland Garros,Paris,Outdoor,2007,G,128,"$9,334,932 "
2007316,Bastad,Bastad,Outdoor,2007,A,32,"$416,000 "
2007314,Gstaad,Gstaad,Outdoor,2007,A,32,"$496,000 "
2007317,Amersfoort,Amersfoort,Outdoor,2007,A,32,"$416,000 "
2007321,Stuttgart,Stuttgart,Outdoor,2007,A,32,"$757,000 "
2007319,Kitzbuhel,Kitzbuhel,Outdoor,2007,A,48,"$735,000 "
2007439,Umag,Umag,Outdoor,2007,A,32,"$416,000 "
2007475,Warsaw,Sopot,Outdoor,2007,A,32,"$500,000 "
2007773,Bucharest,Bucharest,Outdoor,2007,A,32,"$416,000 "
2008505,Vina del Mar,Vina Del Mar,Outdoor,2008,A,32,"$462,000 "
2008533,Sao Paulo,Sao Paulo,Outdoor,2008,A,32,"$485,000 "
2008506,Buenos Aires,Buenos Aires,Outdoor,2008,A,32,"$466,000 "
2008807,Acapulco,Acapulco,Outdoor,2008,A,32,"$794,000 "
2008468,Estoril,Estoril,Outdoor,2008,A,32,"? 370,000"
2008717,Houston,Houston,Outdoor,2008,A,32,"$436,000 "
2008573,Valencia,Valencia,Outdoor,2008,A,32,"? 370,000"
2008410,Monte Carlo Masters,Monte Carlo,Outdoor,2008,M,56,"? 2,270,000"
2008425,Barcelona,Barcelona,Outdoor,2008,A,56,"? 824,000"
2008308,Munich,Munich,Outdoor,2008,A,32,"? 370,000"
2008416,Rome Masters,Rome,Outdoor,2008,M,56,"? 2,270,000"
2008414,Hamburg Masters,Hamburg,Outdoor,2008,A,56,"? 2,270,000"
2008360,Casablanca,Casablanca,Outdoor,2008,A,32,"? 370,000"
2008615,Dusseldorf,Dusseldorf,Outdoor,2008,A,32,"? 1,692,000"
2008306,Kitzbuhel,Poertschach,Outdoor,2008,A,32,"? 370,000"
2008520,Roland Garros,Paris,Outdoor,2008,G,128,"? 7,077,680"
2008475,Warsaw,Warsaw,Outdoor,2008,A,32,"? 425,000"
2008316,Bastad,Bastad,Outdoor,2008,A,28,"? 326,000"
2008314,Gstaad,Gstaad,Outdoor,2008,A,28,"? 389,000"
2008321,Stuttgart,Stuttgart,Outdoor,2008,A,28,"? 568,000"
2008317,Amersfoort,Amersfoort,Outdoor,2008,A,28,"? 326,000"
2008319,Kitzbuhel,Kitzbhel,Outdoor,2008,A,32,"? 571,000"
2008439,Umag,Umag,Outdoor,2008,A,28,"? 326,000"
2008773,Bucharest,Bucharest,Outdoor,2008,A,32,"? 370,000"
2009505,Vina del Mar,Vina Del Mar,Outdoor,2009,A,28,"$496,750 "
2009533,Sao Paulo,Sao Paulo,Outdoor,2009,A,32,"$562,500 "
2009506,Buenos Aires,Buenos Aires,Outdoor,2009,A,32,"$600,000 "
2009807,Acapulco,Acapulco- Mexico,Outdoor,2009,A,32,"$1,226,500 "
2009360,Casablanca,Casablanca,Outdoor,2009,A,32,"? 450,000"
2009717,Houston,Houston,Outdoor,2009,A,32,"$500,000 "
2009410,Monte Carlo Masters,Monte Carlo,Outdoor,2009,M,56,"? 2,750,000"
2009425,Barcelona,Barcelona,Outdoor,2009,A,56,"? 1,995,000"
2009416,Rome Masters,Rome,Outdoor,2009,M,56,"? 2,750,000"
2009468,Estoril,Estoril,Outdoor,2009,A,32,"? 450,000"
2009308,Munich,Munich,Outdoor,2009,A,32,"? 450,000"
20095053,Belgrade,Belgrade,Outdoor,2009,A,28,"? 450,000"
20091536,Madrid Masters,Madrid,Outdoor,2009,M,56,"? 3,700,000"
2009615,Dusseldorf,Dusseldorf,Outdoor,2009,A,32,"? 1,366,000"
2009306,Kitzbuhel,Kitzbuhel,Outdoor,2009,A,32,"? 450,000"
2009520,Roland Garros,Paris,Outdoor,2009,G,128,"? 7,322,320"
2009316,Bastad,Bastad,Outdoor,2009,A,28,"? 450,000"
2009321,Stuttgart,Stuttgart,Outdoor,2009,A,32,"? 450,000"
2009414,Hamburg Masters,Hamburg,Outdoor,2009,A,48,"? 1,115,000"
2009314,Gstaad,Gstaad,Outdoor,2009,A,32,"? 450,000"
2009439,Umag,Umag,Outdoor,2009,A,32,"? 450,000"
2009773,Bucharest,Bucharest- Romania,Outdoor,2009,A,32,"? 450,000"
2010505,Vina del Mar,Santiago,Outdoor,2010,A,32,"$450,000 "
2010533,Sao Paulo,Sao Paulo,Outdoor,2010,A,32,"$500,000 "
2010506,Buenos Aires,Buenos Aires,Outdoor,2010,A,32,"$544,300 "
2010807,Acapulco,Acapulco- Mexico,Outdoor,2010,A,32,"$1,081,500 "
2010360,Casablanca,Casablanca,Outdoor,2010,A,28,"? 450,000"
2010717,Houston,Houston- United States,Outdoor,2010,A,28,"$500,000 "
2010410,Monte Carlo Masters,Monte Carlo,Outdoor,2010,M,56,"? 2,750,000"
2010425,Barcelona,Barcelona,Outdoor,2010,A,56,"? 1,995,000"
2010416,Rome Masters,Rome,Outdoor,2010,M,56,"? 2,750,000"
2010308,Munich,Munich- Germany,Outdoor,2010,A,32,"? 450,000"
20105053,Belgrade,Belgrade,Outdoor,2010,A,28,"? 424,950"
2010468,Estoril,Estoril,Outdoor,2010,A,28,"? 450,000"
20101536,Madrid Masters,Madrid- Spain,Outdoor,2010,M,56,"? 3,700,000"
2010615,Dusseldorf,Dusseldorf,Outdoor,2010,A,32,"? 1,350,000"
2010305,Nice,Nice- France,Outdoor,2010,A,28,"? 450,000"
2010520,Roland Garros,Paris- France,Outdoor,2010,G,128,"? 7,580,800"
2010316,Bastad,Bastad- Sweden,Outdoor,2010,A,28,"? 450,000"
2010321,Stuttgart,Stuttgart- Germany,Outdoor,2010,A,28,"? 450,000"
2010414,Hamburg Masters,Hamburg- Germany,Outdoor,2010,A,48,"? 1,115,000"
2010314,Gstaad,Gstaad- Switzerland,Outdoor,2010,A,32,"? 450,000"
2010439,Umag,Umag- Croatia,Outdoor,2010,A,28,"? 450,000"
2010773,Bucharest,Bucharest,Outdoor,2010,A,28,"? 420,200"
2011505,Vina del Mar,Santiago- Chile,Outdoor,2011,A,32,"$450,000 "
2011533,Sao Paulo,Sao Paulo- Brazil,Outdoor,2011,A,28,"$527,700 "
2011506,Buenos Aires,Buenos Aires- Argentina,Outdoor,2011,A,32,"$547,900 "
2011807,Acapulco,Acapulco- Mexico,Outdoor,2011,A,32,"$1,226,500 "
2011360,Casablanca,Casablanca- Morocco,Outdoor,2011,A,28,"? 450,000"
2011717,Houston,Houston- United States,Outdoor,2011,A,28,"$500,000 "
2011410,Monte Carlo Masters,Monte Carlo- Monaco,Outdoor,2011,M,56,"? 2,543,750"
2011425,Barcelona,Barcelona- Spain,Outdoor,2011,A,56,"? 1,995,000"
2011308,Munich,Munich- Germany,Outdoor,2011,A,32,"? 450,000"
20115053,Belgrade,Belgrade- Serbia,Outdoor,2011,A,28,"? 416,650"
2011468,Estoril,Estoril- Portugal,Outdoor,2011,A,28,"? 450,000"
20111536,Madrid Masters,Madrid- Spain,Outdoor,2011,M,56,"? 3,706,000"
2011416,Rome Masters,Rome- Italy,Outdoor,2011,M,56,"? 2,750,000"
2011615,Dusseldorf,Dusseldorf- Germany,Outdoor,2011,A,32,"? 1,100,000"
2011305,Nice,Nice- France,Outdoor,2011,A,28,"? 450,000"
2011520,Roland Garros,Paris- France,Outdoor,2011,G,128,"? 7,884,000"
2011316,Bastad,Bastad- Sweden,Outdoor,2011,A,28,"? 450,000"
2011321,Stuttgart,Stuttgart- Germany,Outdoor,2011,A,32,"? 450,000"
2011414,Hamburg Masters,Hamburg- Germany,Outdoor,2011,A,48,"? 1,115,000"
2011314,Gstaad,Gstaad- Switzerland,Outdoor,2011,A,28,"? 450,000"
2011439,Umag,Umag- Croatia,Outdoor,2011,A,28,"? 450,000"
2011319,Kitzbuhel,Kitzbhel- Austria,Outdoor,2011,A,28,"? 450,000"
2011773,Bucharest,Bucharest- Romania,Outdoor,2011,A,28,"? 422,950"
2012505,Vina del Mar,Vina del Mar- Chile,Outdoor,2012,A,28,"$450,000 "
2012533,Sao Paulo,Sao Paulo- Brazil,Indoor,2012,A,28,"$532,800 "
2012506,Buenos Aires,Buenos Aires- Argentina,Outdoor,2012,A,32,"$553,100 "
2012807,Acapulco,Acapulco- Mexico,Outdoor,2012,A,32,"$1,281,500 "
2012360,Casablanca,Casablanca- Morocco,Outdoor,2012,A,28,"? 450,000"
2012717,Houston,Houston- United States,Outdoor,2012,A,28,"$500,000 "
2012410,Monte Carlo Masters,Monaco- Monaco,Outdoor,2012,M,56,"? 2,744,225"
2012425,Barcelona,Barcelona- Spain,Outdoor,2012,A,56,"? 2,072,500"
2012773,Bucharest,Bucharest- Romania,Outdoor,2012,A,28,"? 450,000"
20125053,Belgrade,Belgrade- Serbia,Outdoor,2012,A,28,"? 418,700"
2012468,Estoril,Estoril- Portugal,Outdoor,2012,A,28,"? 450,000"
2012308,Munich,Munich- Germany,Outdoor,2012,A,28,"? 450,000"
20121536,Madrid Masters,Madrid- Spain,Outdoor,2012,M,56,"? 3,973,695"
2012416,Rome Masters,Rome- Italy,Outdoor,2012,M,56,"? 2,950,475"
2012615,Dusseldorf,Dusseldorf- Germany,Outdoor,2012,A,32,"? 1,300,000"
2012305,Nice,Nice- France,Outdoor,2012,A,28,"? 450,000"
2012520,Roland Garros,Paris- France,Outdoor,2012,G,128,"? 8,487,000"
2012316,Bastad,B?stad- Sweden,Outdoor,2012,A,28,"? 410,175"
2012321,Stuttgart,Stuttgart- Germany,Outdoor,2012,A,28,"? 410,175"
2012439,Umag,Umag- Croatia,Outdoor,2012,A,28,"? 410,175"
2012314,Gstaad,Gstaad- Switzerland,Outdoor,2012,A,28,"? 410,175"
2012414,Hamburg Masters,Hamburg- Germany,Outdoor,2012,A,32,"? 1,015,000"
2012319,Kitzbuhel,Kitzbuhel- Austria,Outdoor,2012,A,28,"? 410,175"
2013505,Vina del Mar,Vina del Mar- Chile,Outdoor,2013,A,28,"$467,800 "
2013533,Sao Paulo,Sao Paulo- Brazil,Indoor,2013,A,28,"$519,775 "
2013506,Buenos Aires,Buenos Aires- Argentina,Outdoor,2013,A,32,"$570,470 "
2013807,Acapulco,Acapulco- Mexico,Outdoor,2013,A,32,"$1,353,550 "
2013360,Casablanca,Casablanca- Morocco,Outdoor,2013,A,28,"? 467,800"
2013717,Houston,Houston- United States,Outdoor,2013,A,28,"$519,775 "
2013410,Monte Carlo Masters,Monte-Carlo- Monaco,Outdoor,2013,M,56,"? 2,998,495"
2013425,Barcelona,Barcelona- Spain,Outdoor,2013,A,48,"? 2,166,875"
2013773,Bucharest,Bucharest- Romania,Outdoor,2013,A,28,"? 467,800"
2013308,Munich,Munich- Germany,Outdoor,2013,A,28,"? 467,800"
2013468,Estoril,Oeiras- Portugal,Outdoor,2013,A,28,"? 467,800"
20131536,Madrid Masters,Madrid- Spain,Outdoor,2013,M,56,"? 4,303,867"
2013416,Rome Masters,Rome- Italy,Outdoor,2013,M,56,"? 3,204,745"
20136710,Dusseldorf,Dusseldorf- Germany,Outdoor,2013,A,28,"? 467,800"
2013305,Nice,Nice- France,Outdoor,2013,A,28,"? 467,800"
2013520,Roland Garros,Paris- France,Outdoor,2013,G,128,"? 10,104,000"
2013316,Bastad,Bastad- Sweden,Outdoor,2013,A,28,"? 491,370"
2013321,Stuttgart,Stuttgart- Germany,Outdoor,2013,A,28,"? 467,800"
2013414,Hamburg Masters,Hamburg- Germany,Outdoor,2013,A,48,"? 1,230,500"
2013314,Gstaad,Gstaad- Switzerland,Outdoor,2013,A,28,"? 467,800"
2013439,Umag,Umag- Croatia,Outdoor,2013,A,28,"? 467,800"
2013319,Kitzbuhel,Kitzbhel- Austria,Outdoor,2013,A,28,"? 467,800"
2014505,Vina del Mar,Vina del Mar- Chile,Outdoor,2014,A,28,"$485,760 "
2014506,Buenos Aires,Buenos Aires- Argentina,Outdoor,2014,A,32,"$567,760 "
20146932,Rio de Janeiro,Rio de Janeiro- Brazil,Outdoor,2014,A,32,"$1,454,365 "
2014533,Sao Paulo,Sao Paulo- Brazil,Indoor,2014,A,28,"$539,730 "
2014360,Casablanca,Casablanca- Morocco,Outdoor,2014,A,28,"? 485,760"
2014717,Houston,Houston- United States,Outdoor,2014,A,28,"$539,730 "
2014410,Monte Carlo Masters,Monte Carlo- Monaco,Outdoor,2014,M,56,"? 3,246,165"
2014425,Barcelona,Barcelona- Spain,Outdoor,2014,A,48,"? 2,127,035"
2014773,Bucharest,Bucharest- Romania,Outdoor,2014,A,28,"? 485,760"
2014308,Munich,Munich- Germany,Outdoor,2014,A,28,"? 485,760"
2014468,Estoril,Oeiras- Portugal,Outdoor,2014,A,28,"? 485,760"
20141536,Madrid Masters,Madrid- Spain,Outdoor,2014,M,56,"? 4,625,835"
2014416,Rome Masters,Rome- Italy,Outdoor,2014,M,56,"? 3,452,415"
20146710,Dusseldorf,Dusseldorf- Germany,Outdoor,2014,A,28,"? 485,760"
2014305,Nice,Nice- France,Outdoor,2014,A,28,"? 485,760"
2014520,Roland Garros,Paris- France,Outdoor,2014,G,128,"? 11,552,000"
2014316,Bastad,Bastad- Sweden,Outdoor,2014,A,28,"? 485,760"
2014321,Stuttgart,Stuttgart- Germany,Outdoor,2014,A,28,"? 485,760"
2014414,Hamburg Masters,Hamburg- Germany,Outdoor,2014,A,48,"? 1,322,150"
2014314,Gstaad,Gstaad- Switzerland,Outdoor,2014,A,28,"? 485,760"
2014439,Umag,Umag- Croatia,Outdoor,2014,A,28,"? 485,760"
2014319,Kitzbuhel,Kitzbuhel- Austria,Outdoor,2014,A,28,"? 485,760"
20157161,Quito,Quito- Ecuador,Outdoor,2015,A,28,"$494,310 "
2015533,Sao Paulo,Sao Paulo- Brazil,Indoor,2015,A,28,"$505,655 "
20156932,Rio de Janeiro,Rio de Janeiro- Brazil,Outdoor,2015,A,32,"$1,548,755 "
2015506,Buenos Aires,Buenos Aires- Argentina,Outdoor,2015,A,28,"$573,750 "
2015360,Casablanca,Casablanca- Morocco,Outdoor,2015,A,28,"? 494,310"
2015717,Houston,Houston- United States,Outdoor,2015,A,28,"$549,230 "
2015410,Monte Carlo Masters,Monte-Carlo- Monaco,Outdoor,2015,M,56,"? 3,624,045"
2015425,Barcelona,Barcelona- Spain,Outdoor,2015,A,48,"? 2,265,235"
2015773,Bucharest,Bucharest- Romania,Outdoor,2015,A,28,"? 494,310"
20157290,Estoril,Estoril- Portugal,Outdoor,2015,A,28,"? 494,310"
20157163,Istanbul,Istanbul- Turkey,Outdoor,2015,A,28,"? 494,310"
2015308,Munich,Munich- Germany,Outdoor,2015,A,28,"? 494,310"
20151536,Madrid Masters,Madrid- Spain,Outdoor,2015,M,56,"? 5,113,730"
2015416,Rome Masters,Rome- Italy,Outdoor,2015,M,56,"? 3,830,295"
2015322,Geneva,Geneva- Switzerland,Outdoor,2015,A,28,"? 494,310"
2015305,Nice,Nice- France,Outdoor,2015,A,28,"? 494,310"
2015520,Roland Garros,Paris- France,Outdoor,2015,G,128,"? 13,008,000"
2015316,Bastad,Bastad- Sweden,Outdoor,2015,A,28,"? 494,310"
2015439,Umag,Umag- Croatia,Outdoor,2015,A,28,"? 494,310"
2015314,Gstaad,Gstaad- Switzerland,Outdoor,2015,A,28,"? 494,310"
2015414,Hamburg Masters,Hamburg- Germany,Outdoor,2015,A,32,"? 1,407,960"
2015319,Kitzbuhel,Kitzbuhel- Austria,Outdoor,2015,A,28,"? 494,310"
20167161,Quito,Quito- Ecuador,Outdoor,2016,A,28,"$520,070 "
2016506,Buenos Aires,Buenos Aires- Argentina,Outdoor,2016,A,28,"$598,865 "
20166932,Rio de Janeiro,Rio de Janeiro- Brazil,Outdoor,2016,A,32,"$1,471,315 "
2016533,Sao Paulo,Sao Paulo- Brazil,Outdoor,2016,A,28,"$499,055 "
2016717,Houston,Houston- United States,Outdoor,2016,A,28,"$577,860 "
2016360,Casablanca,Marrakech- Morocco,Outdoor,2016,A,28,"? 520,070"
2016410,Monte Carlo Masters,Monte Carlo- Monaco,Outdoor,2016,M,56,"? 4,094,505"
2016425,Barcelona,Barcelona- Spain,Outdoor,2016,A,48,"? 2,428,355"
2016773,Bucharest,Bucharest- Romania,Outdoor,2016,A,28,"? 520,070"
20167290,Estoril,Estoril- Portugal,Outdoor,2016,A,28,"? 520,070"
20167163,Istanbul,Istanbul- Turkey,Outdoor,2016,A,28,"? 483,080"
2016308,Munich,Munich- Germany,Outdoor,2016,A,28,"? 520,070"
20161536,Madrid Masters,Madrid- Spain,Outdoor,2016,M,56,"? 5,719,660"
2016416,Rome Masters,Rome- Italy,Outdoor,2016,M,56,"? 4,300,755"
2016322,Geneva,Geneva- Switzerland,Outdoor,2016,A,28,"? 556,195"
2016305,Nice,Nice- France,Outdoor,2016,A,28,"? 520,070"
2016520,Roland Garros,Paris- France,Outdoor,2016,G,128,"? 16,008,750"
2016316,Bastad,Bastad- Sweden,Outdoor,2016,A,28,"? 520,070"
2016414,Hamburg Masters,Hamburg- Germany,Outdoor,2016,A,32,"? 1,514,495"
2016314,Gstaad,Gstaad- Switzerland,Outdoor,2016,A,28,"? 520,070"
2016319,Kitzbuhel,Kitzbuhel- Austria,Outdoor,2016,A,28,"? 520,070"
2016439,Umag,Umag- Croatia,Outdoor,2016,A,28,"? 520,070"
20177161,Quito,Quito- Ecuador,Outdoor,2017,A,28,"$540,310 "
2017506,Buenos Aires,Buenos Aires- Argentina,Outdoor,2017,A,28,"$624,340 "
20176932,Rio de Janeiro,Rio de Janeiro- Brazil,Outdoor,2017,A,32,"$1,603,940 "
2017533,Sao Paulo,Sao Paulo- Brazil,Outdoor,2017,A,28,"$520,285 "
2017717,Houston,Houston- United States,Outdoor,2017,A,28,"$600,345 "
2017360,Casablanca,Marrakech- Morocco,Outdoor,2017,A,28,"? 540,310"
2017410,Monte Carlo Masters,Monte Carlo- Monaco,Outdoor,2017,M,56,"? 4,629,725"
2017425,Barcelona,Barcelona- Spain,Outdoor,2017,A,48,"? 2,604,340"
20177648,Budapest,Budapest- Hungary,Outdoor,2017,A,28,"? 540,310"
20177290,Estoril,Estoril- Portugal,Outdoor,2017,A,28,"? 540,310"
20177163,Istanbul,Istanbul- Turkey,Outdoor,2017,A,28,"? 497,255"
2017308,Munich,Munich- Germany,Outdoor,2017,A,28,"? 540,310"
20171536,Madrid Masters,Madrid- Spain,Outdoor,2017,M,56,"? 6,408,230"
2017416,Rome Masters,Rome- Italy,Outdoor,2017,M,56,"? 4,835,975"
2017322,Geneva,Geneva- Switzerland,Outdoor,2017,A,28,"? 540,310"
20177694,Lyon,Lyon- France,Outdoor,2017,A,28,"? 540,310"
2017520,Roland Garros,Paris- France,Outdoor,2017,G,128,"? 16,790,000"
2017316,Bastad,Bastad- Sweden,Outdoor,2017,A,28,"? 540,310"
2017439,Umag,Umag- Croatia,Outdoor,2017,A,28,"? 540,310"
2017314,Gstaad,Gstaad- Switzerland,Outdoor,2017,A,28,"? 540,310"
2017414,Hamburg Masters,Hamburg- Germany,Outdoor,2017,A,32,"? 1,629,375"
2017319,Kitzbuhel,Kitzbuhel- Austria,Outdoor,2017,A,28,"? 540,310"
20187161,Quito,Quito- Ecuador,Outdoor,2018,A,28,"$561,345 "
2018506,Buenos Aires,Buenos Aires- Argentina,Outdoor,2018,A,28,"$648,180 "
20186932,Rio de Janeiro,Rio de Janeiro- Brazil,Outdoor,2018,A,32,"$1,842,475 "
2018533,Sao Paulo,Sao Paulo- Brazil,Indoor,2018,A,28,"$582,870 "
2018717,Houston,Houston- United States,Outdoor,2018,A,28,"$623,710 "
2018360,Casablanca,Marrakech- Morocco,Outdoor,2018,A,32,"$561,345 "
2018410,Monte Carlo Masters,Monte Carlo- Monaco,Outdoor,2018,M,56,"$5,238,735 "
2018425,Barcelona,Barcelona- Spain,Outdoor,2018,A,48,"$2,794,220 "
20187648,Budapest,Budapest- Hungary,Outdoor,2018,A,28,"$561,345 "
20187290,Estoril,Estoril- Portugal,Outdoor,2018,A,28,"$561,345 "
2018308,Munich,Munich- Germany,Outdoor,2018,A,28,"$561,345 "
20187163,Istanbul,Istanbul- Turkey,Outdoor,2018,A,28,"$486,145 "
20181536,Madrid Masters,Madrid- Spain,Outdoor,2018,M,56,"$7,190,930 "
2018416,Rome Masters,Rome- Italy,Outdoor,2018,M,56,"$5,444,985 "
20187694,Lyon,Lyon- France,Outdoor,2018,A,28,"$561,345 "
2018322,Geneva,Geneva- Switzerland,Outdoor,2018,A,28,"$561,345 "
2018520,Roland Garros,Paris- France,Outdoor,2018,G,128,"$18,232,000 "
2018316,Bastad,Bastad- Sweden,Outdoor,2018,A,28,"$561,345 "
2018439,Umag,Umag- Croatia,Outdoor,2018,A,28,"$561,345 "
2018414,Hamburg Masters,Hamburg- Germany,Outdoor,2018,A,32,"$1,753,255 "
2018314,Gstaad,Gstaad- Switzerland,Outdoor,2018,A,28,"$561,345 "
2018319,Kitzbuhel,Kitzbuhel- Austria,Outdoor,2018,A,28,"$561,345 "
