1968423,Los Angeles,Los Angeles,Outdoor,1968,A,128,
1969260,Durban,Durban- South Africa,Outdoor,1969,A,64,"$8,000 "
1969317,Amersfoort,Hilversum,Outdoor,1969,A,32,
1969423,Los Angeles,Los Angeles,Outdoor,1969,A,64,"$24,500 "
1969413,Las Vegas,Las Vegas- United States,Outdoor,1969,A,32,
1969429,Stockholm,Stockholm,Indoor,1969,A,32,
1970681,Miami,Miami,Outdoor,1970,A,8,
1970802,Richmond WCT,Richmond- United States,Outdoor,1970,A,8,
19706811,Los Angeles WCT,Los Angeles- United States,Outdoor,1970,A,8,
1970462,Johannesburg,Johannesburg- South Africa,Outdoor,1970,A,64,
19706817,San Juan,San Juan- Puerto Rico,Outdoor,1970,A,64,
1970260,Durban,Durban- South Africa,Outdoor,1970,A,64,
19706818,St. Petersburg,St. Petersburg- United States,Outdoor,1970,A,64,
1970405,Houston,Houston- United States,Outdoor,1970,A,32,
1970412,Atlanta,Atlanta- United States,Outdoor,1970,A,16,
1970413,Las Vegas,Las Vegas- United States,Outdoor,1970,A,16,
19702063,Casablanca WCT,Casablanca,Outdoor,1970,A,16,
1970418,Washington,Washington,Outdoor,1970,A,64,
1970317,Amersfoort,Hilversum,Outdoor,1970,A,64,
1970663,Louisville,Louisville,Outdoor,1970,A,16,
1970417,Boston,Boston,Outdoor,1970,A,32,
1970653,Fort Worth WCT,Fort Worth- United States,Outdoor,1970,A,16,
19702030,Merion,Merion,Outdoor,1970,A,64,
1970707,South Orange,South Orange,Outdoor,1970,A,64,
1970423,Los Angeles,Los Angeles,Outdoor,1970,A,64,"$60,000 "
1970424,San Jose,Berkeley,Outdoor,1970,A,64,
19702067,Phoenix,Phoenix,Outdoor,1970,A,32,
1970429,Stockholm,Stockholm,Indoor,1970,A,32,
19717584,Munich,Munich- Germany,Outdoor,1971,A,32,
1971713,Hobart,Hobart,Outdoor,1971,A,32,
1971338,Sydney,Sydney,Outdoor,1971,A,32,
1971802,Richmond WCT,Richmond,Indoor,1971,A,16,
19712058,New York,New York,Indoor,1971,A,32,
19712066,Macon,Macon,Outdoor,1971,A,64,
1971301,Auckland,Auckland,Outdoor,1971,A,32,
1971657,Hampton,Hampton,Indoor,1971,A,32,
1971262,London WCT,London,Outdoor,1971,A,32,
1971305,Nice,Nice,Outdoor,1971,A,64,
1971681,Miami,Miami,Outdoor,1971,A,32,
1971436,Bermuda,Charlotte,Outdoor,1971,A,32,
1971820,Houston WCT,Houston,Outdoor,1971,A,32,
19712051,Tanglewood,Clemmons,Outdoor,1971,A,64,
1971343,Columbus,Columbus,Outdoor,1971,A,32,
19712044,Quebec,Quebec City,Indoor,1971,A,32,
1971317,Amersfoort,Hilversum,Outdoor,1971,A,64,
1971417,Boston,Boston,Outdoor,1971,A,32,
1971653,Fort Worth WCT,Fort Worth,Outdoor,1971,A,32,
19712030,Merion,Merion,Outdoor,1971,A,64,
1971707,South Orange,South Orange,Outdoor,1971,A,64,
1971423,Los Angeles,Los Angeles,Outdoor,1971,A,64,
1971654,Sacramento,Sacramento,Outdoor,1971,A,64,
1971424,San Jose,Berkeley,Outdoor,1971,A,64,
19712048,Vancouver WCT,Vancouver,Outdoor,1971,A,32,
1971429,Stockholm,Stockholm,Indoor,1971,A,64,
1971430,Antwerp,Wembley,Indoor,1971,A,32,
1972816,Baltimore WCT,Baltimore,Outdoor,1972,A,16,
19722060,Sydney N.S.W.,Sydney,Outdoor,1972,A,32,
19722022,Roanoke,Roanoke,Outdoor,1972,A,4,
19722064,London Indoor,London,Indoor,1972,A,16,
19722036,Omaha,Omaha,Indoor,1972,A,16,
19722061,Des Moines,Des Moines,Indoor,1972,A,16,
19722062,Kansas City,Kansas City,Indoor,1972,A,16,
19722057,Los Angeles,Los Angeles,Indoor,1972,A,32,
19722058,New York,New York,Indoor,1972,A,64,
1972657,Hampton,Hampton,Indoor,1972,A,32,
1972681,Miami,Miami,Outdoor,1972,A,32,
1972344,Caracas,Caracas,Outdoor,1972,A,32,
1972426,Johannesburg,Johannesburg,Outdoor,1972,A,32,
19722044,Quebec,Quebec City,Indoor,1972,A,32,
1972413,Las Vegas,Las Vegas,Outdoor,1972,A,32,
1972706,Bretton Woods,Bretton Woods,Outdoor,1972,A,32,
1972343,Columbus,Columbus,Outdoor,1972,A,32,
19722051,Tanglewood,Tanglewood,Outdoor,1972,A,32,
1972317,Amersfoort,Hilversum,Outdoor,1972,A,64,
1972417,Boston,Boston,Outdoor,1972,A,32,
1972320,Cleveland,Cleveland,Outdoor,1972,A,32,
1972653,Fort Worth WCT,Fort Worth,Outdoor,1972,A,32,
19722030,Merion,Merion,Outdoor,1972,A,64,
1972707,South Orange,South Orange,Outdoor,1972,A,32,
19722052,Montreal WCT,Montreal,Outdoor,1972,A,32,
1972654,Sacramento,Sacramento,Outdoor,1972,A,32,
19722043,Seattle,Seattle,Outdoor,1972,A,32,
1972423,Los Angeles,Los Angeles,Outdoor,1972,A,64,"$60,000 "
19722053,Alamo WCT,Alamo,Outdoor,1972,A,32,
1972329,Tokyo,Tokyo- Japan,Outdoor,1972,A,32,
19722048,Vancouver WCT,Vancouver,Outdoor,1972,A,32,
1972429,Stockholm,Stockholm,Indoor,1972,A,64,
1972254,Johannesburg,Johannesburg,Outdoor,1972,A,16,
1972326,Singapore,Brisbane,Outdoor,1972,A,64,
19722047,Jacksonville,Jacksonville,Indoor,1972,A,16,
1973816,Baltimore WCT,Baltimore,Indoor,1973,A,16,
1973681,Miami,Miami,Outdoor,1973,A,32,"$50,000 "
1973650,Birmingham,Birmingham,Outdoor,1973,A,16,
1973262,London WCT,London,Indoor,1973,A,32,"$50,000 "
19732022,Roanoke,Roanoke,Outdoor,1973,A,16,
1973813,La Costa WCT,Lacosta,Outdoor,1973,A,32,"$50,000 "
19732036,Omaha,Omaha,Indoor,1973,A,32,
19732061,Des Moines,Des Moines,Indoor,1973,A,32,
19732039,Salt Lake City,Salt Lake City,Indoor,1973,A,24,
19732038,Calgary,Calgary,Indoor,1973,A,32,"$17,500 "
1973657,Hampton,Hampton,Indoor,1973,A,32,
19732037,Paramus,Paramus,Indoor,1973,A,16,
1973656,Jackson,Jackson,Indoor,1973,A,16,
19732048,Vancouver WCT,Vancouver,Outdoor,1973,A,32,
1973254,Johannesburg,Johannesburg,Outdoor,1973,A,32,"$50,000 "
1973413,Las Vegas,Las Vegas,Outdoor,1973,A,32,
1973277,Berlin,Berlin,Outdoor,1973,A,32,
1973417,Boston,Boston,Outdoor,1973,A,32,
1973343,Columbus,Columbus,Outdoor,1973,A,32,
19732051,Tanglewood,Tanglewood,Outdoor,1973,A,32,
1973421,Canada Masters,Montreal,Outdoor,1973,M,64,"$100,000 "
19732042,Aptos,Aptos,Outdoor,1973,A,32,
19732043,Seattle,Seattle,Indoor,1973,A,32,
1973423,Los Angeles,Los Angeles,Outdoor,1973,A,64,
19732044,Quebec,Quebec,Indoor,1973,A,32,
1973653,Fort Worth WCT,Fort Worth,Outdoor,1973,A,32,
1973498,Osaka,Osaka,Outdoor,1973,A,32,
1973329,Tokyo,Tokyo,Outdoor,1973,A,64,
1973362,Manila,Manila,Outdoor,1973,A,32,
19732045,New Delhi,New Delhi,Outdoor,1973,A,32,
1973336,Hong Kong,Hong Kong,Outdoor,1973,A,32,
19732046,Djkarta,Jakarta,Outdoor,1973,A,32,
1973429,Stockholm,Stockholm,Indoor,1973,A,64,
1973427,Sydney Indoor,Sydney,Indoor,1973,A,32,
19732032,Christchurch,Christchurch,Outdoor,1973,A,32,
1973426,Johannesburg,Johannesburg,Outdoor,1973,A,32,
1974301,Auckland,Auckland,Outdoor,1974,A,32,
19742022,Roanoke,Roanoke,Indoor,1974,A,16,
19742036,Omaha,Omaha,Outdoor,1974,A,32,
19741603,St. Petersburg WCT,St. Petersburg,Outdoor,1974,A,32,"$50,000 "
19742018,Hempstead WCT,Hempstead,Outdoor,1974,A,32,"$50,000 "
1974262,London WCT,London,Indoor,1974,A,32,"$50,000 "
1974813,La Costa WCT,Lacosta,Outdoor,1974,A,32,
1974681,Miami,Miami,Outdoor,1974,A,32,
19742037,Paramus,Paramus,Indoor,1974,A,16,
19742038,Calgary,Calgary,Indoor,1974,A,32,
19742039,Salt Lake City,Salt Lake City,Indoor,1974,A,32,
19741537,Tempe,Tempe,Outdoor,1974,A,32,"$60,000 "
1974729,Tuscon,Tuscon,Outdoor,1974,A,64,"$150,000 "
19742034,Palm Desert WCT,Palm Desert,Outdoor,1974,A,32,
19742035,New Orleans WCT,New Orleans,Outdoor,1974,A,32,
19742040,Washington,Washington,Outdoor,1974,A,16,
1974409,Atlanta,Orlando,Outdoor,1974,A,32,"$50,000 "
1974329,Tokyo WCT,Tokyo,Outdoor,1974,A,32,
1974426,Johannesburg,Johannesburg,Outdoor,1974,A,32,"$50,000 "
1974413,Las Vegas,Las Vegas,Outdoor,1974,A,32,
19742029,Dublin,Dublin,Outdoor,1974,A,32,
1974422,Cincinnati Masters,Cincinnati,Outdoor,1974,M,32,"$30,000 "
1974343,Columbus,Columbus,Outdoor,1974,A,32,
1974707,South Orange,South Orange,Outdoor,1974,A,32,
19742031,Cedar Grove,Cedar Grove,Outdoor,1974,A,32,
1974423,Los Angeles,Los Angeles,Outdoor,1974,A,64,
1974324,Honolulu,Maui,Outdoor,1974,A,32,
1974427,Sydney Indoor,Sydney,Indoor,1974,A,32,
19742032,Christchurch,Christchurch,Outdoor,1974,A,32,
1974337,Vienna,Vienna,Indoor,1974,A,32,
1974494,Jakarta,Jakarta,Outdoor,1974,A,32,
1974336,Hong Kong,Hong Kong,Outdoor,1974,A,32,
1974429,Stockholm,Stockholm,Indoor,1974,A,64,
1974362,Manila,Manila,Outdoor,1974,A,32,
19742033,Oslo,Oslo,Indoor,1974,A,32,
1974254,Johannesburg,Johannesburg,Outdoor,1974,A,32,
1975816,Baltimore WCT,Baltimore,Outdoor,1975,A,16,"$30,000 "
1975716,Dayton,Dayton,Indoor,1975,A,16,"$30,000 "
1975660,Little Rock,Little Rock,Outdoor,1975,A,32,
1975267,Barcelona WCT,Barcelona,Outdoor,1975,A,32,"$60,000 "
1975718,Boca West,Boca Raton,Outdoor,1975,M,32,
1975653,Fort Worth WCT,Fort Worth,Outdoor,1975,A,32,"$60,000 "
1975813,La Costa WCT,La Costa,Outdoor,1975,A,32,"$60,000 "
1975262,London WCT,London,Outdoor,1975,A,16,"$60,000 "
1975657,Hampton,Hampton,Outdoor,1975,A,32,
19757299,Memphis,Memphis,Indoor,1975,A,32,"$60,000 "
1975412,Atlanta,Atlanta,Outdoor,1975,A,32,"$60,000 "
1975656,Jackson,Jackson,Outdoor,1975,A,16,
1975652,St. Louis WCT,St. Louis,Outdoor,1975,A,32,"$60,000 "
1975347,Bournemouth,Bournemouth,Outdoor,1975,A,64,
1975418,Washington,Washington,Outdoor,1975,A,64,
1975421,Canada Masters,Montreal,Outdoor,1975,M,64,"$100,000 "
1975560,US Open,New York,Outdoor,1975,G,128,"$166,810 "
19752028,Aviles,Aviles,Outdoor,1975,A,32,
1975425,Barcelona,Barcelona,Indoor,1975,A,64,
1975427,Sydney Indoor,Sydney,Outdoor,1975,A,64,
19752011,Tehran,Tehran,Outdoor,1975,A,64,
1975362,Manila,Manila,Indoor,1975,A,32,
1975303,Buenos Aires,Buenos Aires,Outdoor,1975,A,32,
1975680,Calcutta,Calcutta,Outdoor,1975,A,32,
1975254,Johannesburg,Johannesburg,Indoor,1975,A,64,
1976301,Auckland,Auckland,Outdoor,1976,A,32,
1976718,Boca West,Boca Raton,Outdoor,1976,M,32,
19763935,WCT Challenge Cup,Honolulu- United States,Outdoor,1976,A,8,
1976653,Fort Worth WCT,Fort Worth,Outdoor,1976,A,16,
1976651,Khartoum,Khartoum,Outdoor,1976,A,16,
1976813,La Costa WCT,La Costa,Outdoor,1976,A,16,
1976404,Indian Wells Masters,Palm Springs,Outdoor,1976,M,64,"$200,000 "
1976254,Johannesburg,Johannesburg,Outdoor,1976,A,16,
1976413,Las Vegas,Las Vegas,Outdoor,1976,A,32,
1976277,Berlin,Berlin,Outdoor,1976,A,32,"$50,000 "
1976343,Columbus,Columbus,Outdoor,1976,A,64,
1976324,Honolulu,Maui,Outdoor,1976,A,64,"$100,000 "
1976427,Sydney Indoor,Sydney,Outdoor,1976,A,64,"$125,000 "
1976243,Perth,Perth,Outdoor,1976,A,32,"$50,000 "
1976337,Vienna,Vienna,Indoor,1976,A,32,"$50,000 "
1976336,Hong Kong,Hong Kong,Outdoor,1976,A,48,"$75,000 "
1976429,Stockholm,Stockholm,Indoor,1976,A,64,"$150,000 "
1976362,Manila,Manila,Outdoor,1976,A,64,"$75,000 "
1976426,Johannesburg,Johannesburg,Outdoor,1976,A,64,"$150,000 "
19777303,Mexico City WCT,Mexico City,Outdoor,1977,A,16,
1977356,Napa,San Jose,Outdoor,1977,A,32,
19772019,Ocean City,Ocean City,Outdoor,1977,A,16,"$100,000 "
1977404,Indian Wells Masters,Palm Springs,Outdoor,1977,M,64,
1977254,Johannesburg,Johannesburg,Outdoor,1977,A,32,"$150,000 "
1977813,La Costa WCT,Carlsbad,Outdoor,1977,A,64,
1977262,London WCT,London,Indoor,1977,A,16,"$50,000 "
1977405,Houston,Houston,Outdoor,1977,A,16,"$100,000 "
19773933,WCT Challenge Cup,Las Vegas- United States,Outdoor,1977,A,4,
1977413,Las Vegas,Las Vegas,Outdoor,1977,A,32,
1977421,Canada Masters,Montreal,Outdoor,1977,M,64,"$125,000 "
19772020,Laguna Niguel,Laguna Niguel,Outdoor,1977,A,32,"$19,500 "
19772059,Tournament of Champions WCT,New York,Outdoor,1977,A,16,
19772006,Los Angeles,Los Angeles,Outdoor,1977,A,64,"$100,000 "
1977324,Honolulu,Maui,Outdoor,1977,A,32,"$100,000 "
1977427,Sydney Indoor,Sydney,Indoor,1977,A,32,"$50,000 "
1977243,Perth,Perth,Outdoor,1977,A,32,"$50,000 "
1977337,Vienna,Vienna,Indoor,1977,A,32,"$50,000 "
1977429,Stockholm,Stockholm,Indoor,1977,A,64,"$150,000 "
1977336,Hong Kong,Hong Kong,Outdoor,1977,A,32,"$75,000 "
1977362,Manila,Manila,Outdoor,1977,A,32,"$75,000 "
1977430,Antwerp,Wembley,Indoor,1977,A,32,
19772012,Oviedo,Oviedo,Indoor,1977,A,64,"$100,000 "
1977333,Taipei,Taipei,Outdoor,1977,A,32,"$50,000 "
1977426,Johannesburg,Johannesburg,Outdoor,1977,A,32,"$150,000 "
1977810,Zurich WCT,Zurich,Outdoor,1977,A,32,"$25,000 "
19787303,Mexico City WCT,Mexico City,Outdoor,1978,A,32,"$50,000 "
1978404,Indian Wells Masters,Palm Springs,Outdoor,1978,M,64,
1978254,Johannesburg,Johannesburg,Outdoor,1978,A,32,"$75,000 "
1978413,Las Vegas,Las Vegas,Outdoor,1978,A,32,
1978711,Tulsa,Tulsa,Indoor,1978,A,32,
1978349,Stowe,Stowe,Outdoor,1978,A,32,
1978320,Cleveland,Cleveland,Outdoor,1978,A,32,
1978412,Atlanta,Atlanta,Outdoor,1978,A,32,
1978560,US Open,New York,Outdoor,1978,G,128,"$300,000 "
1978324,Honolulu,Maui,Outdoor,1978,A,32,
1978427,Sydney Indoor,Sydney,Indoor,1978,A,32,
1978328,Basel,Basel,Indoor,1978,A,32,
1978337,Vienna,Vienna,Indoor,1978,A,32,
1978332,Cologne,Cologne,Indoor,1978,A,32,
1978429,Stockholm,Stockholm,Indoor,1978,A,64,"$175,000 "
1978336,Hong Kong,Hong Kong,Outdoor,1978,A,32,
1978426,Johannesburg,Johannesburg,Outdoor,1978,A,32,
19783934,WCT Challenge Cup,Montego Bay- Jamaica,Outdoor,1978,A,8,
1979301,Auckland,Auckland,Outdoor,1979,A,32,
1979404,Indian Wells Masters,Rancho Mirage,Outdoor,1979,M,64,"$250,000 "
1979205,Lagos,Lagos,Outdoor,1979,A,32,
1979304,Nancy,Nancy,Indoor,1979,A,32,
1979714,San Jose,San Jose,Outdoor,1979,A,32,
1979357,Stuttgart,Stuttgart,Indoor,1979,A,32,
1979711,Tulsa,Tulsa,Indoor,1979,A,32,
1979254,Johannesburg,Johannesburg,Outdoor,1979,A,32,
1979413,Las Vegas,Las Vegas,Outdoor,1979,A,32,
19791727,Louisville,Louisville,Outdoor,1979,A,64,"$175,000 "
1979320,Cleveland,Cleveland,Outdoor,1979,A,32,
1979349,Stowe,Stowe,Outdoor,1979,A,32,
1979421,Canada Masters,Toronto,Outdoor,1979,M,64,"$210,000 "
1979422,Cincinnati Masters,Cincinnati,Outdoor,1979,M,64,"$200,000 "
1979560,US Open,New York,Outdoor,1979,G,128,"$300,000 "
1979412,Atlanta,Atlanta,Outdoor,1979,A,32,
1979324,Honolulu,Maui,Outdoor,1979,A,48,
1979330,Tel Aviv,Tel Aviv,Outdoor,1979,A,32,
1979328,Basel,Basel,Indoor,1979,A,32,
1979427,Sydney Indoor,Sydney,Indoor,1979,A,32,
1979337,Vienna,Vienna,Indoor,1979,A,48,
1979332,Cologne,Cologne,Indoor,1979,A,32,
1979336,Hong Kong,Hong Kong,Outdoor,1979,A,32,
1979429,Stockholm,Stockholm,Indoor,1979,A,64,"$175,000 "
1979426,Johannesburg,Johannesburg,Outdoor,1979,A,32,
1980713,Hobart,Hobart,Outdoor,1980,A,32,
1980301,Auckland,Auckland,Outdoor,1980,A,32,
1980358,San Juan,San Juan,Outdoor,1980,A,32,
1980404,Indian Wells Masters,Rancho Mirage,Outdoor,1980,M,64,"$250,000 "
1980714,San Jose,San Jose,Outdoor,1980,A,32,
1980357,Stuttgart,Stuttgart,Indoor,1980,A,32,
1980346,Tampa,Palm Harbor,Outdoor,1980,A,32,
1980711,Tulsa,Tulsa,Indoor,1980,A,32,
1980254,Johannesburg,Johannesburg,Outdoor,1980,A,32,
1980423,Los Angeles,Los Angeles,Outdoor,1980,A,64,
1980413,Las Vegas,Las Vegas,Outdoor,1980,A,32,
1980343,Columbus,Colombus,Outdoor,1980,A,32,
1980320,Cleveland,Cleveland,Outdoor,1980,A,32,
1980349,Stowe,Stowe,Outdoor,1980,A,32,
1980421,Canada Masters,Toronto,Outdoor,1980,M,64,"$210,000 "
1980412,Atlanta,Atlanta,Outdoor,1980,A,32,
1980422,Cincinnati Masters,Cincinnati,Outdoor,1980,M,64,"$200,000 "
1980560,US Open,New York,Outdoor,1980,G,128,"$300,000 "
1980324,Honolulu,Maui,Outdoor,1980,A,32,
1980330,Tel Aviv,Tel Aviv,Outdoor,1980,A,32,
1980328,Basel,Basel,Indoor,1980,A,32,
1980427,Sydney Indoor,Sydney,Indoor,1980,A,32,
1980337,Vienna,Vienna,Indoor,1980,A,64,
1980332,Cologne,Cologne,Indoor,1980,A,32,
1980336,Hong Kong,Hong Kong,Outdoor,1980,A,32,"$75,000 "
1980426,Johannesburg,Johannesburg,Outdoor,1980,A,32,
1981301,Auckland,Auckland,Outdoor,1981,A,32,
1981358,San Juan,San Juan,Outdoor,1981,A,32,
1981404,Indian Wells Masters,La Quinta,Outdoor,1981,M,64,"$175,000 "
1981346,Tampa,Tampa,Outdoor,1981,A,32,
1981304,Nancy,Nancy,Indoor,1981,A,32,
1981407,Rotterdam,Rotterdam,Indoor,1981,A,32,
1981356,Napa,Napa,Outdoor,1981,A,32,
1981357,Stuttgart,Stuttgart,Indoor,1981,A,32,
1981351,Linz,Linz,Indoor,1981,A,32,
1981254,Johannesburg,Johannesburg,Outdoor,1981,A,32,
1981423,Los Angeles,Los Angeles,Outdoor,1981,A,32,
1981413,Las Vegas,Las Vegas,Outdoor,1981,A,32,
1981343,Columbus,Columbus,Outdoor,1981,A,32,
1981320,Cleveland,Cleveland,Outdoor,1981,A,32,
1981421,Canada Masters,Montreal,Outdoor,1981,M,64,"$200,000 "
1981349,Stowe,Stowe,Outdoor,1981,A,32,
1981412,Atlanta,Atlanta,Outdoor,1981,A,32,
1981422,Cincinnati Masters,Cincinnati,Outdoor,1981,M,64,"$200,000 "
1981560,US Open,New York,Outdoor,1981,G,128,"$400,000 "
1981324,Honolulu,Maui,Outdoor,1981,A,32,
1981330,Tel Aviv,Tel Aviv,Outdoor,1981,A,32,
1981328,Basel,Basel,Indoor,1981,A,32,
1981427,Sydney Indoor,Sydney,Indoor,1981,A,32,
1981337,Vienna,Vienna,Indoor,1981,A,64,
1981332,Cologne,Cologne,Indoor,1981,A,32,
1981336,Hong Kong,Hong Kong,Outdoor,1981,A,32,
1981429,Stockholm,Stockholm,Indoor,1981,A,64,"$200,000 "
1981426,Johannesburg,Johannesburg,Outdoor,1981,A,32,
1982301,Auckland,Auckland,Outdoor,1982,A,32,
1982344,Caracas,Caracas,Outdoor,1982,A,32,
1982404,Indian Wells Masters,La Quinta,Outdoor,1982,M,64,"$200,000 "
1982406,Brussels,Brussels,Indoor,1982,A,32,
19827305,Metz,Metz,Indoor,1982,A,32,
1982423,Los Angeles,Los Angeles,Outdoor,1982,A,32,
1982413,Las Vegas,Las Vegas,Outdoor,1982,A,32,
1982346,Tampa,Tampa,Outdoor,1982,A,32,
1982343,Columbus,Columbus,Outdoor,1982,A,32,
1982320,Cleveland,Cleveland,Outdoor,1982,A,32,"$75,000 "
1982421,Canada Masters,Toronto,Outdoor,1982,M,64,"$300,000 "
1982813,La Costa WCT,La Costa,Outdoor,1982,A,16,
1982422,Cincinnati Masters,Cincinnati,Outdoor,1982,M,64,"$300,000 "
1982349,Stowe,Stowe,Outdoor,1982,A,32,
1982560,US Open,New York,Outdoor,1982,G,128,"$600,000 "
1982324,Honolulu,Maui,Outdoor,1982,A,32,
1982328,Basel,Basel,Indoor,1982,A,32,
1982427,Sydney Indoor,Sydney,Indoor,1982,A,32,
1982337,Vienna,Vienna,Indoor,1982,A,32,
1982332,Cologne,Cologne,Indoor,1982,A,32,
1982336,Hong Kong,Hong Kong,Outdoor,1982,A,32,
1982429,Stockholm,Stockholm,Indoor,1982,A,64,"$250,000 "
1982327,Toulouse,Toulouse,Indoor,1982,A,32,
1982426,Johannesburg,Johannesburg,Outdoor,1982,A,32,
1983301,Auckland,Auckland,Outdoor,1983,A,32,
1983201,Maceio,Guaruja,Outdoor,1983,A,64,
1983344,Caracas,Caracas,Outdoor,1983,A,32,
1983404,Indian Wells Masters,La Quinta,Outdoor,1983,M,64,"$200,000 "
1983304,Nancy,Nancy,Indoor,1983,A,32,
1983407,Rotterdam,Rotterdam,Indoor,1983,A,32,
1983423,Los Angeles,Los Angeles,Outdoor,1983,A,64,
1983413,Las Vegas,Las Vegas,Outdoor,1983,A,32,
1983343,Columbus,Columbus,Outdoor,1983,A,32,
1983320,Cleveland,Cleveland,Outdoor,1983,A,32,
1983421,Canada Masters,Montreal,Outdoor,1983,M,56,"$300,000 "
1983422,Cincinnati Masters,Cincinnati,Outdoor,1983,M,64,"$300,000 "
1983349,Stowe,Stowe,Outdoor,1983,A,32,
1983560,US Open,New York,Outdoor,1983,G,128,"$797,000 "
1983388,Dallas,Dallas,Outdoor,1983,A,32,
1983324,Honolulu,Maui,Outdoor,1983,A,32,
1983328,Basel,Basel,Indoor,1983,A,32,
1983427,Sydney Indoor,Sydney,Indoor,1983,A,32,
1983330,Tel Aviv,Tel Aviv,Outdoor,1983,A,32,
1983329,Tokyo,Tokyo,Outdoor,1983,A,64,
1983337,Vienna,Vienna,Indoor,1983,A,32,
1983336,Hong Kong,Hong Kong,Outdoor,1983,A,32,"$100,000 "
1983429,Stockholm,Stockholm,Indoor,1983,A,64,"$250,000 "
1983726,Bahia,Bahia,Outdoor,1983,A,32,
1983426,Johannesburg,Johannesburg,Outdoor,1983,A,32,
1983327,Toulouse,Toulouse,Indoor,1983,A,32,
1984301,Auckland,Auckland,Outdoor,1984,A,32,"$75,000 "
1984404,Indian Wells Masters,La Quinta,Outdoor,1984,M,56,"$200,000 "
19847305,Metz,Metz,Indoor,1984,A,32,
1984718,Boca West,Boca West,Outdoor,1984,M,32,
1984318,Livingston,Livingston,Outdoor,1984,A,32,
1984320,Cleveland,Cleveland,Outdoor,1984,A,32,
1984343,Columbus,Columbus,Outdoor,1984,A,32,
1984421,Canada Masters,Toronto,Outdoor,1984,M,56,"$300,000 "
1984422,Cincinnati Masters,Cincinnati,Outdoor,1984,M,64,"$300,000 "
1984560,US Open,New York,Outdoor,1984,G,128,"$1,066,676 "
1984423,Los Angeles,Los Angeles,Outdoor,1984,A,48,
1984330,Tel Aviv,Tel Aviv,Outdoor,1984,A,32,
1984324,Honolulu,Honolulu,Outdoor,1984,A,32,
1984328,Basel,Basel,Indoor,1984,A,32,
1984427,Sydney Indoor,Sydney,Indoor,1984,A,32,
1984329,Tokyo,Tokyo,Outdoor,1984,A,64,
1984332,Cologne,Cologne,Indoor,1984,A,32,
1984336,Hong Kong,Hong Kong,Outdoor,1984,A,32,
1984337,Vienna,Vienna,Indoor,1984,A,32,
1984429,Stockholm,Stockholm,Indoor,1984,A,48,"$250,000 "
1984426,Johannesburg,Johannesburg,Outdoor,1984,A,32,
1984327,Toulouse,Toulouse,Indoor,1984,A,32,
1985301,Auckland,Auckland,Outdoor,1985,A,32,
1985403,Miami Masters,Delray Beach,Outdoor,1985,M,128,
1985404,Indian Wells Masters,La Quinta,Outdoor,1985,M,56,"$300,000 "
1985304,Nancy,Nancy,Indoor,1985,A,32,
1985727,Fort Myers,Fort Myers,Outdoor,1985,A,32,
1985413,Las Vegas,Las Vegas,Outdoor,1985,A,32,
1985318,Livingston,Livingston,Outdoor,1985,A,32,
1985420,New Haven,Stratton Mountain,Outdoor,1985,A,64,
1985320,Cleveland,Cleveland,Outdoor,1985,A,32,
1985421,Canada Masters,Montreal,Outdoor,1985,M,56,"$300,000 "
1985422,Cincinnati Masters,Cincinnati,Outdoor,1985,M,64,"$300,000 "
1985560,US Open,New York,Outdoor,1985,G,128,"$1,250,000 "
1985423,Los Angeles,Los Angeles,Outdoor,1985,A,32,
1985426,Johannesburg,Johannesburg,Outdoor,1985,A,32,
1985327,Toulouse,Toulouse,Indoor,1985,A,32,
1985328,Basel,Basel,Indoor,1985,A,32,
1985427,Sydney Indoor,Sydney,Indoor,1985,A,32,
1985330,Tel Aviv,Tel Aviv,Outdoor,1985,A,32,
1985329,Tokyo,Tokyo,Outdoor,1985,A,64,
1985332,Cologne,Cologne,Indoor,1985,A,32,
1985429,Stockholm,Stockholm,Indoor,1985,A,32,"$300,000 "
1985336,Hong Kong,Hong Kong,Outdoor,1985,A,32,
1985337,Vienna,Vienna,Indoor,1985,A,32,
1986301,Auckland,Auckland,Outdoor,1986,A,32,
1986403,Miami Masters,Boca West,Outdoor,1986,M,128,
1986404,Indian Wells Masters,La Quinta,Outdoor,1986,M,56,"$325,000 "
1986727,Fort Myers,Fort Myers,Outdoor,1986,A,32,
1986332,Cologne,Cologne,Indoor,1986,A,32,
1986318,Livingston,Livingston,Outdoor,1986,A,32,
1986420,New Haven,Stratton Mountain,Outdoor,1986,A,64,
1986421,Canada Masters,Toronto,Outdoor,1986,M,56,"$300,000 "
1986422,Cincinnati Masters,Cincinnati,Outdoor,1986,M,64,"$300,000 "
1986560,US Open,New York,Outdoor,1986,G,128,"$1,400,000 "
1986423,Los Angeles,Los Angeles,Outdoor,1986,A,32,
1986433,Las Vegas,Scottsdale,Outdoor,1986,A,32,
1986330,Tel Aviv,Tel Aviv,Outdoor,1986,A,32,
1986327,Toulouse,Toulouse,Indoor,1986,A,32,
1986328,Basel,Basel,Indoor,1986,A,32,
1986427,Sydney Indoor,Sydney,Indoor,1986,A,32,
1986329,Tokyo,Tokyo,Outdoor,1986,A,64,
1986337,Vienna,Vienna,Indoor,1986,A,32,
1986336,Hong Kong,Hong Kong,Outdoor,1986,A,32,
1986352,Paris Masters,Paris,Indoor,1986,M,32,
1986429,Stockholm,Stockholm,Indoor,1986,A,56,"$350,000 "
1986426,Johannesburg,Johannesburg,Indoor,1986,A,32,
1986240,Sao Paulo,Itaparica,Outdoor,1986,A,32,
1987301,Auckland,Auckland,Outdoor,1987,A,32,
1987201,Maceio,Guaruja,Outdoor,1987,A,32,
1987402,Memphis,Memphis,Indoor,1987,A,48,
1987404,Indian Wells Masters,Indian Wells,Outdoor,1987,M,56,"$350,000 "
1987403,Miami Masters,Key Biscayne,Outdoor,1987,M,128,"$750,000 "
1987409,Atlanta,Orlando,Outdoor,1987,A,32,
1987329,Tokyo,Tokyo,Outdoor,1987,A,56,
1987434,Seoul,Seoul,Outdoor,1987,A,32,
1987318,Livingston,Livingston,Outdoor,1987,A,32,
1987224,Schenectady,Schenectady,Outdoor,1987,A,32,
1987418,Washington,Washington,Outdoor,1987,A,56,
1987420,New Haven,Stratton Mountain,Outdoor,1987,A,64,
1987421,Canada Masters,Montreal,Outdoor,1987,M,56,"$300,000 "
1987422,Cincinnati Masters,Cincinnati,Outdoor,1987,M,64,"$300,000 "
1987435,Rye Brook,Rye Brook,Outdoor,1987,A,32,
1987560,US Open,New York,Outdoor,1987,G,128,"$1,666,667 "
1987423,Los Angeles,Los Angeles,Outdoor,1987,A,32,
1987328,Basel,Basel,Indoor,1987,A,32,
1987326,Singapore,Brisbane,Indoor,1987,A,32,
1987433,Las Vegas,Scottsdale,Outdoor,1987,A,32,
1987427,Sydney Indoor,Sydney,Indoor,1987,A,32,
1987330,Tel Aviv,Tel Aviv,Outdoor,1987,A,32,
1987327,Toulouse,Toulouse,Indoor,1987,A,32,
1987337,Vienna,Vienna,Indoor,1987,A,32,
1987336,Hong Kong,Hong Kong,Outdoor,1987,A,32,
1987352,Paris Masters,Paris,Indoor,1987,M,32,
1987429,Stockholm,Stockholm,Indoor,1987,A,56,"$425,000 "
1987237,Guaruja,Sao Paulo,Outdoor,1987,A,32,
1987426,Johannesburg,Johannesburg,Indoor,1987,A,32,
1987240,Sao Paulo,Itaparica,Outdoor,1987,A,32,
19887308,Adelaide,Adelaide,Outdoor,1988,A,32,
1988354,Wellington,Wellington,Outdoor,1988,A,32,
1988301,Auckland,Auckland,Outdoor,1988,A,32,
1988580,Australian Open,Melbourne,Outdoor,1988,G,128,"$1,054,984 "
1988201,Maceio,Guaruja,Outdoor,1988,A,32,
1988402,Memphis,Memphis,Indoor,1988,A,48,
1988404,Indian Wells Masters,Indian Wells,Outdoor,1988,M,56,"$510,000 "
1988409,Atlanta,Orlando,Outdoor,1988,A,32,
1988403,Miami Masters,Key Biscayne,Outdoor,1988,M,128,"$734,000 "
1988329,Tokyo,Tokyo,Outdoor,1988,A,56,
1988434,Seoul,Seoul,Outdoor,1988,A,32,
1988224,Schenectady,Schenectady,Outdoor,1988,A,32,
1988418,Washington,Washington,Outdoor,1988,A,56,
1988420,New Haven,Stratton Mountain,Outdoor,1988,A,64,
1988419,Indianapolis,Indianapolis,Outdoor,1988,A,56,
1988421,Canada Masters,Toronto,Outdoor,1988,M,56,"$410,000 "
1988422,Cincinnati Masters,Cincinnati,Outdoor,1988,M,64,"$485,000 "
1988318,Livingston,Livingston,Outdoor,1988,A,32,
1988435,Rye Brook,Rye Brook,Outdoor,1988,A,32,
1988560,US Open,New York,Outdoor,1988,G,128,"$1,683,333 "
1988423,Los Angeles,Los Angeles,Outdoor,1988,A,32,
198888,Seoul Olympics,Seoul,Outdoor,1988,A,64,
1988433,Las Vegas,Scottsdale,Outdoor,1988,A,32,
1988328,Basel,Basel,Indoor,1988,A,32,
1988326,Singapore,Brisbane,Indoor,1988,A,32,
1988427,Sydney Indoor,Sydney,Indoor,1988,A,32,
1988330,Tel Aviv,Tel Aviv,Outdoor,1988,A,32,
1988327,Toulouse,Toulouse,Indoor,1988,A,32,
1988336,Hong Kong,Hong Kong,Outdoor,1988,A,0,
1988352,Paris Masters,Paris,Indoor,1988,M,32,
1988237,Guaruja,Sao Paulo,Outdoor,1988,A,32,
1988429,Stockholm,Stockholm,Indoor,1988,A,56,"$450,000 "
1988426,Johannesburg,Johannesburg,Indoor,1988,A,32,
1988240,Sao Paulo,Itaparica,Outdoor,1988,A,32,
19897308,Adelaide,Adelaide,Outdoor,1989,A,32,"$123,400 "
1989354,Wellington,Wellington,Outdoor,1989,A,32,"$145,000 "
1989301,Auckland,Auckland,Outdoor,1989,A,32,
1989338,Sydney,Sydney,Outdoor,1989,A,32,
1989580,Australian Open,Melbourne,Outdoor,1989,G,128,"$1,213,342 "
1989201,Maceio,Guaruja,Outdoor,1989,A,32,
1989402,Memphis,Memphis,Indoor,1989,A,48,
1989304,Nancy,Nancy,Indoor,1989,A,32,
1989433,Las Vegas,Scottsdale,Outdoor,1989,A,32,
1989404,Indian Wells Masters,Indian Wells,Outdoor,1989,M,56,"$510,000 "
1989403,Miami Masters,Key Biscayne,Outdoor,1989,M,128,"$745,000 "
1989434,Seoul,Seoul,Outdoor,1989,A,32,
1989329,Tokyo,Tokyo,Outdoor,1989,A,56,
1989456,Singapore,Singapore,Outdoor,1989,A,32,
1989224,Schenectady,Schenectady,Outdoor,1989,A,32,
1989418,Washington,Washington,Outdoor,1989,A,56,
1989420,New Haven,Stratton Mountain,Outdoor,1989,A,64,
1989419,Indianapolis,Indianapolis,Outdoor,1989,A,56,
1989318,Livingston,Livingston,Outdoor,1989,A,32,
1989422,Cincinnati Masters,Cincinnati,Outdoor,1989,M,64,"$485,000 "
1989421,Canada Masters,Montreal,Outdoor,1989,M,56,"$550,000 "
1989560,US Open,New York,Outdoor,1989,G,128,"$2,000,000 "
1989423,Los Angeles,Los Angeles,Outdoor,1989,A,32,
1989326,Singapore,Brisbane,Outdoor,1989,A,32,
1989409,Atlanta,Orlando,Outdoor,1989,A,32,
1989328,Basel,Basel,Indoor,1989,A,32,
1989427,Sydney Indoor,Sydney,Indoor,1989,A,32,
1989327,Toulouse,Toulouse,Indoor,1989,A,32,
1989330,Tel Aviv,Tel Aviv,Outdoor,1989,A,32,
1989352,Paris Masters,Paris,Indoor,1989,M,32,
1989426,Johannesburg,Johannesburg,Indoor,1989,A,32,
1989240,Sao Paulo,Itaparica,Outdoor,1989,A,32,
19907308,Adelaide,Adelaide,Outdoor,1990,A,32,"$150,000 "
1990354,Wellington,Wellington,Outdoor,1990,A,32,"$150,000 "
1990301,Auckland,Auckland,Outdoor,1990,A,32,"$150,000 "
1990338,Sydney,Sydney,Outdoor,1990,A,32,"$175,000 "
1990580,Australian Open,Melbourne,Outdoor,1990,G,128,"$1,462,000 "
1990201,Maceio,Guaruja,Outdoor,1990,A,32,"$150,000 "
1990402,Memphis,Memphis,Indoor,1990,A,48,"$250,000 "
1990404,Indian Wells Masters,Indian Wells,Outdoor,1990,M,56,"$1,000,000 "
1990403,Miami Masters,Miami,Outdoor,1990,M,96,"$1,500,000 "
1990409,Atlanta,Orlando,Outdoor,1990,A,32,"$250,000 "
1990329,Tokyo,Tokyo,Outdoor,1990,A,56,"$1,000,000 "
1990434,Seoul,Seoul,Outdoor,1990,A,32,"$165,000 "
1990336,Hong Kong,Hong Kong,Outdoor,1990,A,32,"$210,000 "
1990456,Singapore,Singapore,Outdoor,1990,A,32,"$250,000 "
1990418,Washington,Washington,Outdoor,1990,A,56,"$550,000 "
1990421,Canada Masters,Toronto,Outdoor,1990,M,56,"$1,200,000 "
1990423,Los Angeles,Los Angeles,Outdoor,1990,A,32,"$250,000 "
1990422,Cincinnati Masters,Cincinnati,Outdoor,1990,M,56,"$1,300,000 "
1990419,Indianapolis,Indianapolis,Outdoor,1990,A,56,"$1,000,000 "
1990420,New Haven,New Haven,Outdoor,1990,A,56,"$1,000,000 "
1990441,Long Island,Long Island,Outdoor,1990,A,28,"$250,000 "
1990224,Schenectady,Schenectady,Outdoor,1990,A,28,"$150,000 "
1990560,US Open,New York,Outdoor,1990,G,128,"$2,554,250 "
1990328,Basel,Basel,Indoor,1990,A,32,"$500,000 "
1990326,Singapore,Brisbane,Outdoor,1990,A,32,"$250,000 "
1990427,Sydney Indoor,Sydney,Indoor,1990,A,48,"$1,000,000 "
1990327,Toulouse,Toulouse,Indoor,1990,A,32,"$300,000 "
1990330,Tel Aviv,Tel Aviv,Outdoor,1990,A,32,"$150,000 "
1990352,Paris Masters,Paris,Indoor,1990,M,48,"$2,000,000 "
1990240,Sao Paulo,Itaparica,Outdoor,1990,A,32,"$250,000 "
19917308,Adelaide,Adelaide,Outdoor,1991,A,32,"$175,000 "
1991354,Wellington,Wellington,Outdoor,1991,A,32,"$175,000 "
1991301,Auckland,Auckland,Outdoor,1991,A,32,"$175,000 "
1991338,Sydney,Sydney,Outdoor,1991,A,32,"$250,000 "
1991580,Australian Open,Melbourne,Outdoor,1991,G,128,
1991201,Maceio,Guaruja,Outdoor,1991,A,32,"$150,000 "
1991402,Memphis,Memphis,Indoor,1991,A,48,"$750,000 "
1991404,Indian Wells Masters,Indian Wells,Outdoor,1991,M,56,"$1,000,000 "
1991403,Miami Masters,Miami,Outdoor,1991,M,96,"$1,500,000 "
1991336,Hong Kong,Hong Kong,Outdoor,1991,A,32,"$260,000 "
1991409,Atlanta,Orlando,Outdoor,1991,A,32,"$250,000 "
1991329,Tokyo,Tokyo,Outdoor,1991,A,56,"$1,000,000 "
1991434,Seoul,Seoul,Outdoor,1991,A,32,"$165,000 "
1991456,Singapore,Singapore,Outdoor,1991,A,32,"$250,000 "
1991418,Washington,Washington,Outdoor,1991,A,56,"$550,000 "
1991421,Canada Masters,Montreal,Outdoor,1991,M,56,"$1,200,000 "
1991423,Los Angeles,Los Angeles,Outdoor,1991,A,32,"$250,000 "
1991422,Cincinnati Masters,Cincinnati,Outdoor,1991,M,56,"$1,300,000 "
1991419,Indianapolis,Indianapolis,Outdoor,1991,A,56,"$1,000,000 "
1991420,New Haven,New Haven,Outdoor,1991,A,56,"$1,000,000 "
1991441,Long Island,Long Island,Outdoor,1991,A,32,"$250,000 "
1991224,Schenectady,Schenectady,Outdoor,1991,A,32,"$150,000 "
1991560,US Open,New York,Outdoor,1991,G,128,
1991323,Bordeaux,Bordeaux,Outdoor,1991,A,32,"$300,000 "
1991328,Basel,Basel,Indoor,1991,A,32,"$750,000 "
1991326,Singapore,Brisbane,Outdoor,1991,A,32,"$250,000 "
1991427,Sydney Indoor,Sydney,Indoor,1991,A,48,"$1,000,000 "
1991327,Toulouse,Toulouse,Indoor,1991,A,32,"$300,000 "
1991330,Tel Aviv,Tel Aviv,Outdoor,1991,A,32,"$150,000 "
1991237,Guaruja,Guaruja,Outdoor,1991,A,32,
1991215,Buzios,Buzios,Outdoor,1991,A,32,
1991352,Paris Masters,Paris,Indoor,1991,M,48,"$2,000,000 "
1991240,Sao Paulo,Sao Paulo,Outdoor,1991,A,32,"$150,000 "
19927308,Adelaide,Adelaide,Outdoor,1992,A,32,"$182,500 "
1992354,Wellington,Wellington,Outdoor,1992,A,32,"$182,500 "
1992301,Auckland,Auckland,Outdoor,1992,A,32,"$182,500 "
1992338,Sydney,Sydney,Outdoor,1992,A,32,"$260,000 "
1992580,Australian Open,Melbourne,Outdoor,1992,G,128,
1992424,San Jose,San Francisco,Indoor,1992,A,32,"$260,000 "
1992402,Memphis,Memphis,Indoor,1992,A,48,"$780,000 "
1992433,Las Vegas,Scottsdale,Outdoor,1992,A,32,"$260,000 "
1992404,Indian Wells Masters,Indian Wells,Outdoor,1992,M,56,"$1,075,000 "
1992403,Miami Masters,Miami,Outdoor,1992,M,96,"$1,625,000 "
1992426,Johannesburg,Johannesburg,Outdoor,1992,A,32,"$300,000 "
1992456,Singapore,Singapore,Outdoor,1992,A,32,"$265,000 "
1992329,Tokyo,Tokyo,Outdoor,1992,A,56,"$1,040,000 "
1992336,Hong Kong,Hong Kong,Outdoor,1992,A,32,"$300,000 "
1992434,Seoul,Seoul,Outdoor,1992,A,32,"$171,500 "
1992418,Washington,Washington,Outdoor,1992,A,56,"$625,000 "
1992421,Canada Masters,Toronto,Outdoor,1992,M,56,"$1,295,000 "
1992423,Los Angeles,Los Angeles,Outdoor,1992,A,32,"$260,000 "
1992422,Cincinnati Masters,Cincinnati,Outdoor,1992,M,56,"$1,405,000 "
1992419,Indianapolis,Indianapolis,Outdoor,1992,A,56,"$1,040,000 "
1992420,New Haven,New Haven,Outdoor,1992,A,56,"$1,040,000 "
1992441,Long Island,Long Island,Outdoor,1992,A,32,"$260,000 "
1992224,Schenectady,Schenectady,Outdoor,1992,A,32,"$155,000 "
1992560,US Open,New York,Outdoor,1992,G,128,
1992328,Basel,Basel,Indoor,1992,A,32,"$775,000 "
1992326,Singapore,Brisbane,Indoor,1992,A,32,"$260,000 "
1992427,Sydney Indoor,Sydney,Indoor,1992,A,48,"$1,075,000 "
1992327,Toulouse,Toulouse,Indoor,1992,A,32,"$315,000 "
1992330,Tel Aviv,Tel Aviv,Outdoor,1992,A,32,"$155,000 "
1992237,Guaruja,Guaruja,Outdoor,1992,A,32,"$155,000 "
1992215,Buzios,Buzios,Outdoor,1992,A,32,"$182,500 "
1992352,Paris Masters,Paris,Indoor,1992,M,48,"$2,165,000 "
1992240,Sao Paulo,Sao Paulo,Outdoor,1992,A,32,"$260,000 "
19937308,Adelaide,Adelaide,Outdoor,1993,A,32,"$182,500 "
1993451,Doha,Doha,Outdoor,1993,A,32,"$475,000 "
1993450,Kuala Lumpur,Kuala Lumpur,Outdoor,1993,A,32,"$300,000 "
1993301,Auckland,Auckland,Outdoor,1993,A,32,"$182,500 "
1993494,Jakarta,Jakarta,Outdoor,1993,A,32,"$300,000 "
1993338,Sydney,Sydney,Outdoor,1993,A,32,"$300,000 "
1993580,Australian Open,Melbourne,Outdoor,1993,G,128,"$2,409,105 "
1993495,Dubai,Dubai,Outdoor,1993,A,32,"$1,025,000 "
1993496,Marseille,Marseille,Indoor,1993,A,32,"$525,000 "
1993424,San Jose,San Francisco,Indoor,1993,A,32,"$300,000 "
1993402,Memphis,Memphis,Indoor,1993,A,64,"$780,000 "
1993433,Las Vegas,Scottsdale,Outdoor,1993,A,32,"$300,000 "
1993404,Indian Wells Masters,Indian Wells,Outdoor,1993,M,56,"$1,650,000 "
1993403,Miami Masters,Miami,Outdoor,1993,M,96,"$1,650,000 "
1993426,Johannesburg,Durban,Outdoor,1993,A,32,"$300,000 "
1993498,Osaka,Osaka,Outdoor,1993,A,32,"$500,000 "
1993329,Tokyo,Tokyo,Outdoor,1993,A,56,"$1,040,000 "
1993336,Hong Kong,Hong Kong,Outdoor,1993,A,32,"$300,000 "
1993434,Seoul,Seoul,Outdoor,1993,A,32,"$200,000 "
1993499,Delray Beach,Delray Beach,Outdoor,1993,A,32,"$225,000 "
1993418,Washington,Washington,Outdoor,1993,A,56,"$625,000 "
1993421,Canada Masters,Montreal,Outdoor,1993,M,56,"$1,650,000 "
1993423,Los Angeles,Los Angeles,Outdoor,1993,A,32,"$300,000 "
1993422,Cincinnati Masters,Cincinnati,Outdoor,1993,M,56,"$1,650,000 "
1993419,Indianapolis,Indianapolis,Outdoor,1993,A,56,"$1,040,000 "
1993420,New Haven,New Haven,Outdoor,1993,A,56,"$1,040,000 "
1993441,Long Island,Long Island,Outdoor,1993,A,32,"$300,000 "
1993224,Schenectady,Schenectady,Outdoor,1993,A,32,"$200,000 "
1993560,US Open,New York,Outdoor,1993,G,128,
1993323,Bordeaux,Bordeaux,Outdoor,1993,A,32,"$355,000 "
1993328,Basel,Basel,Indoor,1993,A,32,"$800,000 "
1993326,Singapore,Kuala Lumpur,Indoor,1993,A,32,"$300,000 "
1993427,Sydney Indoor,Sydney,Indoor,1993,A,32,"$1,000,000 "
1993327,Toulouse,Toulouse,Indoor,1993,A,32,"$400,000 "
1993330,Tel Aviv,Tel Aviv,Outdoor,1993,A,32,"$200,000 "
1993352,Paris Masters,Paris,Indoor,1993,M,48,"$2,165,000 "
19947308,Adelaide,Adelaide,Outdoor,1994,A,32,"$313,750 "
1994451,Doha,Doha,Outdoor,1994,A,32,"$525,000 "
1994517,Oahu,Oahu,Outdoor,1994,A,32,"$313,750 "
1994301,Auckland,Auckland,Outdoor,1994,A,32,"$313,750 "
1994494,Jakarta,Jakarta,Outdoor,1994,A,32,"$313,750 "
1994338,Sydney,Sydney,Outdoor,1994,A,32,"$313,750 "
1994580,Australian Open,Melbourne,Outdoor,1994,G,128,
1994495,Dubai,Dubai,Outdoor,1994,A,32,"$1,038,750 "
1994496,Marseille,Marseille,Indoor,1994,A,32,"$538,750 "
1994424,San Jose,San Jose,Indoor,1994,A,32,"$313,750 "
1994402,Memphis,Memphis,Indoor,1994,A,48,"$800,000 "
1994433,Las Vegas,Scottsdale,Outdoor,1994,A,32,"$313,750 "
1994404,Indian Wells Masters,Indian Wells,Outdoor,1994,M,56,"$1,720,000 "
1994403,Miami Masters,Miami,Outdoor,1994,M,96,"$1,875,000 "
1994498,Osaka,Osaka,Outdoor,1994,A,32,"$650,000 "
1994426,Johannesburg,Sun City,Outdoor,1994,A,32,"$313,750 "
1994329,Tokyo,Tokyo,Outdoor,1994,A,56,"$1,053,750 "
1994336,Hong Kong,Hong Kong,Outdoor,1994,A,32,"$320,000 "
1994434,Seoul,Seoul,Outdoor,1994,A,32,"$213,750 "
1994499,Delray Beach,Delray Beach,Outdoor,1994,A,32,"$240,000 "
1994418,Washington,Washington,Outdoor,1994,A,56,"$650,000 "
1994421,Canada Masters,Toronto,Outdoor,1994,M,56,"$1,720,000 "
1994423,Los Angeles,Los Angeles,Outdoor,1994,A,32,"$313,750 "
1994422,Cincinnati Masters,Cincinnati,Outdoor,1994,M,56,"$1,720,000 "
1994419,Indianapolis,Indianapolis,Outdoor,1994,A,56,"$1,040,000 "
1994420,New Haven,New Haven,Outdoor,1994,A,56,"$1,040,000 "
1994441,Long Island,Long Island,Outdoor,1994,A,32,"$313,750 "
1994224,Schenectady,Schenectady,Outdoor,1994,A,32,"$313,750 "
1994560,US Open,New York,Outdoor,1994,G,128,
1994323,Bordeaux,Bordeaux,Outdoor,1994,A,32,"$400,000 "
1994328,Basel,Basel,Indoor,1994,A,32,"$800,000 "
1994427,Sydney Indoor,Sydney,Indoor,1994,A,32,"$1,020,000 "
1994327,Toulouse,Toulouse,Indoor,1994,A,32,"$400,000 "
1994330,Tel Aviv,Tel Aviv,Outdoor,1994,A,32,"$275,000 "
1994352,Paris Masters,Paris,Indoor,1994,M,48,"$2,250,000 "
19957308,Adelaide,Adelaide,Outdoor,1995,A,32,"$328,000 "
1995451,Doha,Doha,Outdoor,1995,A,32,"$625,000 "
1995301,Auckland,Auckland,Outdoor,1995,A,32,"$328,000 "
1995494,Jakarta,Jakarta,Outdoor,1995,A,32,"$328,000 "
1995338,Sydney,Sydney,Outdoor,1995,A,32,"$328,000 "
1995580,Australian Open,Melbourne,Outdoor,1995,G,128,
1995495,Dubai,Dubai,Outdoor,1995,A,32,"$1,039,250 "
1995496,Marseille,Marseille,Indoor,1995,A,32,"$539,250 "
1995424,San Jose,San Jose,Indoor,1995,A,32,"$328,000 "
1995402,Memphis,Memphis,Indoor,1995,A,48,"$808,000 "
1995433,Las Vegas,Scottsdale,Outdoor,1995,A,32,"$328,000 "
1995404,Indian Wells Masters,Indian Wells,Outdoor,1995,M,56,"$1,800,000 "
1995403,Miami Masters,Miami,Outdoor,1995,M,96,"$2,500,000 "
1995426,Johannesburg,Johannesburg,Outdoor,1995,A,32,"$328,000 "
1995329,Tokyo,Tokyo,Outdoor,1995,A,56,"$1,060,000 "
1995336,Hong Kong,Hong Kong,Outdoor,1995,A,32,"$328,000 "
1995434,Seoul,Seoul,Outdoor,1995,A,32,"$228,000 "
1995499,Delray Beach,Delray Beach,Outdoor,1995,A,32,"$255,000 "
1995418,Washington,Washington,Outdoor,1995,A,56,"$675,000 "
1995421,Canada Masters,Montreal,Outdoor,1995,M,56,"$1,795,000 "
1995423,Los Angeles,Los Angeles,Outdoor,1995,A,32,"$328,000 "
1995422,Cincinnati Masters,Cincinnati,Outdoor,1995,M,56,"$1,795,000 "
1995419,Indianapolis,Indianapolis,Outdoor,1995,A,56,"$1,040,000 "
1995420,New Haven,New Haven,Outdoor,1995,A,56,"$1,040,000 "
1995441,Long Island,Long Island,Outdoor,1995,A,32,"$328,000 "
1995560,US Open,New York,Outdoor,1995,G,128,
1995323,Bordeaux,Bordeaux,Outdoor,1995,A,32,"$400,000 "
1995328,Basel,Basel,Indoor,1995,A,32,"$1,000,000 "
1995327,Toulouse,Toulouse,Indoor,1995,A,32,"$400,000 "
1995330,Tel Aviv,Tel Aviv,Outdoor,1995,A,32,"$275,000 "
1995352,Paris Masters,Paris,Indoor,1995,M,48,"$2,250,000 "
1995429,Stockholm,Stockholm,Indoor,1995,A,32,"$825,000 "
19967308,Adelaide,Adelaide,Outdoor,1996,A,32,"$328,000 "
1996451,Doha,Doha,Outdoor,1996,A,32,"$625,000 "
1996301,Auckland,Auckland,Outdoor,1996,A,32,"$328,000 "
1996494,Jakarta,Jakarta,Outdoor,1996,A,32,"$328,000 "
1996338,Sydney,Sydney,Outdoor,1996,A,32,"$328,000 "
1996580,Australian Open,Melbourne,Outdoor,1996,G,128,
1996495,Dubai,Dubai,Outdoor,1996,A,32,"$1,039,250 "
1996496,Marseille,Marseille,Indoor,1996,A,32,"$539,250 "
1996424,San Jose,San Jose,Indoor,1996,A,32,"$328,000 "
1996402,Memphis,Memphis,Indoor,1996,A,48,"$808,000 "
1996433,Las Vegas,Scottsdale,Outdoor,1996,A,32,"$328,000 "
1996404,Indian Wells Masters,Indian Wells,Outdoor,1996,M,56,"$2,200,000 "
1996403,Miami Masters,Miami,Outdoor,1996,M,96,"$2,550,000 "
1996336,Hong Kong,Hong Kong,Outdoor,1996,A,32,"$328,000 "
1996891,Chennai,New Delhi,Outdoor,1996,A,32,"$430,000 "
1996329,Tokyo,Tokyo,Outdoor,1996,A,56,"$1,060,000 "
1996434,Seoul,Seoul,Outdoor,1996,A,32,"$228,000 "
1996499,Delray Beach,Delray Beach,Outdoor,1996,A,32,"$270,000 "
1996418,Washington,Washington,Outdoor,1996,A,56,"$675,000 "
199696,London Olympics,Atlanta,Outdoor,1996,A,64,
1996423,Los Angeles,Los Angeles,Outdoor,1996,A,32,"$328,000 "
1996422,Cincinnati Masters,Cincinnati,Outdoor,1996,M,56,"$2,200,000 "
1996419,Indianapolis,Indianapolis,Outdoor,1996,A,56,"$1,040,000 "
1996420,New Haven,New Haven,Outdoor,1996,A,56,"$1,040,000 "
1996441,Long Island,Long Island,Outdoor,1996,A,32,"$250,000 "
1996421,Canada Masters,Toronto,Outdoor,1996,M,56,"$2,000,000 "
1996560,US Open,New York,Outdoor,1996,G,128,
1996328,Basel,Basel,Indoor,1996,A,32,"$1,000,000 "
1996330,Tel Aviv,Tel Aviv,Outdoor,1996,A,32,"$328,000 "
1996327,Toulouse,Toulouse,Indoor,1996,A,32,"$400,000 "
1996352,Paris Masters,Paris,Indoor,1996,M,48,"$2,550,000 "
1996429,Stockholm,Stockholm,Indoor,1996,A,32,"$825,000 "
19977308,Adelaide,Adelaide,Outdoor,1997,A,32,"$328,000 "
1997451,Doha,Doha,Outdoor,1997,A,32,"$625,000 "
1997301,Auckland,Auckland,Outdoor,1997,A,32,"$328,000 "
1997338,Sydney,Sydney,Outdoor,1997,A,32,"$328,000 "
1997580,Australian Open,Melbourne,Outdoor,1997,G,128,"$3,538,866 "
1997495,Dubai,Dubai,Outdoor,1997,A,32,"$1,039,250 "
1997496,Marseille,Marseille,Indoor,1997,A,32,"$539,250 "
1997424,San Jose,San Jose,Indoor,1997,A,32,"$328,000 "
1997430,Antwerp,Antwerp,Indoor,1997,A,32,"$1,000,000 "
1997402,Memphis,Memphis,Indoor,1997,A,48,"$825,000 "
1997401,Philadelphia,Philadelphia,Indoor,1997,A,32,"$714,250 "
1997433,Las Vegas,Scottsdale,Outdoor,1997,A,32,"$328,000 "
1997404,Indian Wells Masters,Indian Wells,Outdoor,1997,M,56,"$2,300,000 "
1997403,Miami Masters,Miami,Outdoor,1997,M,96,"$2,700,000 "
1997891,Chennai,Chennai,Outdoor,1997,A,32,"$430,000 "
1997336,Hong Kong,Hong Kong,Outdoor,1997,A,32,"$328,000 "
1997329,Tokyo,Tokyo,Outdoor,1997,A,56,"$1,060,000 "
1997499,Delray Beach,Delray Beach,Outdoor,1997,A,32,"$270,000 "
1997418,Washington,Washington,Outdoor,1997,A,56,"$675,000 "
1997423,Los Angeles,Los Angeles,Outdoor,1997,A,32,"$328,000 "
1997421,Canada Masters,Montreal,Outdoor,1997,M,56,"$2,300,000 "
1997422,Cincinnati Masters,Cincinnati,Outdoor,1997,M,56,"$2,300,000 "
1997419,Indianapolis,Indianapolis,Outdoor,1997,A,56,"$1,040,000 "
1997420,New Haven,New Haven,Outdoor,1997,A,56,"$1,040,000 "
199780,Boston,Boston,Outdoor,1997,A,32,"$328,000 "
1997441,Long Island,Long Island,Outdoor,1997,A,32,"$328,000 "
1997560,US Open,New York,Outdoor,1997,G,128,"$5,152,000 "
199773,Tashkent,Tashkent,Outdoor,1997,A,32,"$328,000 "
1997327,Toulouse,Toulouse,Indoor,1997,A,32,"$400,000 "
19977307,Beijing,Beijing,Indoor,1997,A,32,"$328,000 "
1997352,Paris Masters,Paris,Indoor,1997,M,48,"$2,550,000 "
1997429,Stockholm,Stockholm,Indoor,1997,A,32,"$825,000 "
1997605,Tour Finals,Hanover,Indoor,1997,F,10,"$3,300,000 "
19987308,Adelaide,Adelaide,Outdoor,1998,A,32,"$340,000 "
1998451,Doha,Doha,Outdoor,1998,A,32,"$1,000,000 "
1998301,Auckland,Auckland,Outdoor,1998,A,32,"$340,000 "
1998338,Sydney,Sydney,Outdoor,1998,A,32,"$340,000 "
1998580,Australian Open,Melbourne,Outdoor,1998,G,128,"$3,140,107 "
1998496,Marseille,Marseille,Indoor,1998,A,32,"$539,250 "
1998495,Dubai,Dubai,Outdoor,1998,A,32,"$1,039,250 "
1998424,San Jose,San Jose,Indoor,1998,A,32,"$340,000 "
1998430,Antwerp,Antwerp,Outdoor,1998,A,32,"$1,000,000 "
1998402,Memphis,Memphis,Indoor,1998,A,48,"$825,000 "
1998401,Philadelphia,Philadelphia,Indoor,1998,A,32,"$714,250 "
1998433,Las Vegas,Scottsdale,Outdoor,1998,A,32,"$340,000 "
1998404,Indian Wells Masters,Indian Wells,Outdoor,1998,M,56,"$2,450,000 "
1998403,Miami Masters,Miami,Outdoor,1998,M,96,"$2,700,000 "
1998891,Chennai,Chennai,Outdoor,1998,A,32,"$430,000 "
1998336,Hong Kong,Hong Kong,Outdoor,1998,A,32,"$340,000 "
1998329,Tokyo,Tokyo,Outdoor,1998,A,56,"$700,000 "
1998499,Delray Beach,Delray Beach,Outdoor,1998,A,32,"$270,000 "
1998418,Washington,Washington,Outdoor,1998,A,56,"$700,000 "
1998423,Los Angeles,Los Angeles,Outdoor,1998,A,32,"$340,000 "
1998421,Canada Masters,Toronto,Outdoor,1998,M,56,"$2,450,000 "
1998422,Cincinnati Masters,Cincinnati,Outdoor,1998,M,56,"$2,450,000 "
1998419,Indianapolis,Indianapolis,Outdoor,1998,A,56,"$1,040,000 "
1998420,New Haven,New Haven,Outdoor,1998,A,56,"$870,000 "
199880,Boston,Boston,Outdoor,1998,A,32,"$340,000 "
1998441,Long Island,Long Island,Outdoor,1998,A,32,"$340,000 "
1998560,US Open,New York,Outdoor,1998,G,128,"$6,032,000 "
199873,Tashkent,Tashkent,Outdoor,1998,A,32,"$500,000 "
1998604,Grand Slam Cup,Munich- Germany,Indoor,1998,A,16,"$6,000,000 "
1998327,Toulouse,Toulouse,Indoor,1998,A,32,"$400,000 "
1998328,Basel,Basel,Indoor,1998,A,32,"$1,000,000 "
1998357,Stuttgart,Stuttgart,Indoor,1998,A,48,"$2,450,000 "
1998352,Paris Masters,Paris,Indoor,1998,M,48,"$2,550,000 "
1998429,Stockholm,Stockholm,Indoor,1998,A,32,"$825,000 "
1998605,Tour Finals,Hanover,Indoor,1998,F,64,"$3,300,000 "
19997308,Adelaide,Adelaide,Outdoor,1999,A,32,"$350,000 "
1999451,Doha,Doha,Outdoor,1999,A,32,"$1,000,000 "
1999301,Auckland,Auckland,Outdoor,1999,A,32,"$350,000 "
1999338,Sydney,Sydney,Outdoor,1999,A,32,"$350,000 "
1999580,Australian Open,Melbourne,Outdoor,1999,G,128,"$3,539,387 "
1999496,Marseille,Marseille,Indoor,1999,A,32,"$539,250 "
1999495,Dubai,Dubai,Outdoor,1999,A,32,"$1,039,250 "
1999424,San Jose,San Jose,Indoor,1999,A,32,"$350,000 "
1999402,Memphis,Memphis,Indoor,1999,A,48,"$825,000 "
1999433,Las Vegas,Scottsdale,Outdoor,1999,A,32,"$350,000 "
1999404,Indian Wells Masters,Indian Wells,Outdoor,1999,M,56,"$2,450,000 "
1999403,Miami Masters,Miami,Outdoor,1999,M,96,"$2,700,000 "
1999891,Chennai,Chennai,Outdoor,1999,A,32,"$430,000 "
1999336,Hong Kong,Hong Kong,Outdoor,1999,A,32,"$350,000 "
1999329,Tokyo,Tokyo,Outdoor,1999,A,56,"$725,000 "
1999499,Delray Beach,Delray Beach,Outdoor,1999,A,32,"$270,000 "
1999423,Los Angeles,Los Angeles,Outdoor,1999,A,32,"$350,000 "
1999421,Canada Masters,Montreal,Outdoor,1999,M,56,"$2,450,000 "
1999422,Cincinnati Masters,Cincinnati,Outdoor,1999,M,56,"$2,450,000 "
1999419,Indianapolis,Indianapolis,Outdoor,1999,A,56,"$870,000 "
1999418,Washington,Washington,Outdoor,1999,A,56,"$725,000 "
199980,Boston,Boston,Outdoor,1999,A,32,"$350,000 "
1999441,Long Island,Long Island,Outdoor,1999,A,32,"$350,000 "
1999560,US Open,New York,Outdoor,1999,G,128,"$6,235,000 "
199973,Tashkent,Tashkent,Outdoor,1999,A,32,"$500,000 "
1999604,Grand Slam Cup,Munich- Germany,Indoor,1999,A,12,
1999327,Toulouse,Toulouse,Indoor,1999,A,32,"$400,000 "
1999890,Ho Chi Minh City,Shanghai- China,Outdoor,1999,A,32,"$350,000 "
1999326,Singapore,Singapore,Indoor,1999,A,32,"$725,000 "
1999337,Vienna,Vienna,Indoor,1999,A,32,"$800,000 "
1999357,Stuttgart,Stuttgart,Indoor,1999,A,48,"$2,450,000 "
1999352,Paris Masters,Paris,Indoor,1999,M,48,"$2,550,000 "
1999429,Stockholm,Stockholm,Indoor,1999,A,32,"$825,000 "
1999605,Tour Finals,Hanover,Indoor,1999,F,8,"$3,600,000 "
20007308,Adelaide,Adelaide,Outdoor,2000,A,32,"$350,000 "
2000891,Chennai,Chennai,Outdoor,2000,A,32,"$430,000 "
2000451,Doha,Doha,Outdoor,2000,A,32,"$1,000,000 "
2000301,Auckland,Auckland,Outdoor,2000,A,32,"$350,000 "
2000338,Sydney,Sydney,Outdoor,2000,A,32,"$350,000 "
2000580,Australian Open,Melbourne,Outdoor,2000,G,128,"$3,864,414 "
2000495,Dubai,Dubai,Outdoor,2000,A,32,"$1,000,000 "
2000496,Marseille,Marseille,Indoor,2000,A,32,"$500,000 "
2000424,San Jose,San Jose,Indoor,2000,A,32,"$375,000 "
2000402,Memphis,Memphis,Indoor,2000,A,48,"$800,000 "
2000407,Rotterdam,Rotterdam,Indoor,2000,A,32,"$850,000 "
2000408,Milan,London,Indoor,2000,A,32,"$800,000 "
2000481,Copenhagen,Copenhagen,Indoor,2000,A,32,"$350,000 "
2000499,Delray Beach,Delray Beach,Outdoor,2000,A,32,"$350,000 "
2000433,Las Vegas,Scottsdale,Outdoor,2000,A,32,"$375,000 "
2000404,Indian Wells Masters,Indian Wells,Outdoor,2000,M,64,"$2,950,000 "
2000403,Miami Masters,Miami,Outdoor,2000,M,96,"$3,200,000 "
2000423,Los Angeles,Los Angeles,Outdoor,2000,A,32,"$375,000 "
2000421,Canada Masters,Toronto,Outdoor,2000,M,64,"$2,450,000 "
2000422,Cincinnati Masters,Cincinnati,Outdoor,2000,M,64,"$2,950,000 "
2000419,Indianapolis,Indianapolis,Outdoor,2000,A,56,"$800,000 "
2000418,Washington,Washington,Outdoor,2000,A,56,"$800,000 "
2000441,Long Island,Long Island,Outdoor,2000,A,48,"$415,200 "
2000560,US Open,New York,Outdoor,2000,G,128,"$6,467,000 "
200073,Tashkent,Tashkent,Outdoor,2000,A,32,"$525,000 "
200096,London Olympics,Sydney,Outdoor,2000,A,64,
2000336,Hong Kong,Hong Kong,Outdoor,2000,A,32,"$375,000 "
2000329,Tokyo,Tokyo,Outdoor,2000,A,56,"$800,000 "
2000337,Vienna,Vienna,Indoor,2000,A,32,"$800,000 "
2000890,Ho Chi Minh City,Shanghai,Outdoor,2000,A,32,"$375,000 "
2000327,Toulouse,Toulouse,Indoor,2000,A,32,"$400,000 "
2000357,Stuttgart,Stuttgart,Indoor,2000,A,48,"$2,950,000 "
2000568,St. Petersburg,St. Petersburg,Indoor,2000,A,32,"$800,000 "
2000352,Paris Masters,Paris,Indoor,2000,M,48,"$2,950,000 "
2000620,Brighton,Brighton,Indoor,2000,A,32,"$400,000 "
2000429,Stockholm,Stockholm,Indoor,2000,A,32,"$800,000 "
2000605,Tour Finals,Lisbon,Indoor,2000,F,8,"$3,700,000 "
20017308,Adelaide,Adelaide,Outdoor,2001,A,32,"$375,000 "
2001891,Chennai,Chennai,Outdoor,2001,A,32,"$400,000 "
2001451,Doha,Doha,Outdoor,2001,A,32,"$1,000,000 "
2001301,Auckland,Auckland,Outdoor,2001,A,32,"$375,000 "
2001338,Sydney,Sydney,Outdoor,2001,A,32,"$400,000 "
2001580,Australian Open,Melbourne,Outdoor,2001,G,128,"$3,568,313 "
2001481,Copenhagen,Copenhagen,Indoor,2001,A,32,"$350,000 "
2001496,Marseille,Marseille,Indoor,2001,A,32,"$500,000 "
2001402,Memphis,Memphis,Indoor,2001,A,48,"$800,000 "
2001407,Rotterdam,Rotterdam,Indoor,2001,A,32,"$850,000 "
2001495,Dubai,Dubai,Outdoor,2001,A,32,"$1,000,000 "
2001424,San Jose,San Jose,Indoor,2001,A,32,"$400,000 "
2001499,Delray Beach,Delray Beach,Outdoor,2001,A,32,"$350,000 "
2001433,Las Vegas,Scottsdale,Outdoor,2001,A,32,"$400,000 "
2001404,Indian Wells Masters,Indian Wells,Outdoor,2001,M,64,"$2,950,000 "
2001403,Miami Masters,Miami,Outdoor,2001,M,96,"$3,400,000 "
2001423,Los Angeles,Los Angeles,Outdoor,2001,A,32,"$400,000 "
2001421,Canada Masters,Montreal,Outdoor,2001,M,64,"$2,950,000 "
2001422,Cincinnati Masters,Cincinnati,Outdoor,2001,M,64,"$2,950,000 "
2001419,Indianapolis,Indianapolis,Outdoor,2001,A,56,"$800,000 "
2001418,Washington,Washington,Outdoor,2001,A,56,"$800,000 "
2001441,Long Island,Long Island,Outdoor,2001,A,32,"$415,200 "
2001560,US Open,New York,Outdoor,2001,G,128,"$6,578,000 "
200173,Tashkent,Tashkent,Outdoor,2001,A,32,"$550,000 "
2001890,Ho Chi Minh City,Shanghai,Outdoor,2001,A,32,"$400,000 "
2001336,Hong Kong,Hong Kong,Outdoor,2001,A,32,"$400,000 "
2001329,Tokyo,Tokyo,Outdoor,2001,A,56,"$800,000 "
2001337,Vienna,Vienna,Indoor,2001,A,32,"$800,000 "
2001357,Stuttgart,Stuttgart,Indoor,2001,A,48,"$2,950,000 "
2001568,St. Petersburg,St. Petersburg,Indoor,2001,A,32,"$800,000 "
2001429,Stockholm,Stockholm,Indoor,2001,A,32,"$800,000 "
2001352,Paris Masters,Paris,Indoor,2001,M,48,"$2,950,000 "
2001605,Tour Finals,Sydney,Indoor,2001,F,8,"$3,700,000 "
20027308,Adelaide,Adelaide,Outdoor,2002,A,32,"$357,000 "
2002891,Chennai,Chennai,Outdoor,2002,A,32,"$400,000 "
2002451,Doha,Doha,Outdoor,2002,A,32,"$1,000,000 "
2002301,Auckland,Auckland,Outdoor,2002,A,32,"$357,000 "
2002338,Sydney,Sydney,Outdoor,2002,A,32,"$381,000 "
2002580,Australian Open,Melbourne,Outdoor,2002,G,128,"$3,927,210 "
2002481,Copenhagen,Copenhagen,Indoor,2002,A,32,"$381,000 "
2002496,Marseille,Marseille,Indoor,2002,A,32,"$476,000 "
2002402,Memphis,Memphis,Indoor,2002,A,32,"$725,000 "
2002407,Rotterdam,Rotterdam,Indoor,2002,A,32,"$738,000 "
2002495,Dubai,Dubai,Outdoor,2002,A,32,"$925,000 "
2002424,San Jose,San Jose,Indoor,2002,A,32,"$400,000 "
2002499,Delray Beach,Delray Beach,Outdoor,2002,A,32,"$400,000 "
2002433,Las Vegas,Scottsdale,Outdoor,2002,A,32,"$400,000 "
2002404,Indian Wells Masters,Indian Wells,Outdoor,2002,M,64,"$2,950,000 "
2002403,Miami Masters,Miami,Outdoor,2002,M,96,"$3,575,000 "
2002423,Los Angeles,Los Angeles,Outdoor,2002,A,32,"$400,000 "
2002421,Canada Masters,Toronto,Outdoor,2002,M,64,"$2,950,000 "
2002422,Cincinnati Masters,Cincinnati,Outdoor,2002,M,64,"$2,950,000 "
2002419,Indianapolis,Indianapolis,Outdoor,2002,A,56,"$800,000 "
2002418,Washington,Washington,Outdoor,2002,A,56,"$800,000 "
2002441,Long Island,Long Island,Outdoor,2002,A,48,"$480,000 "
2002560,US Open,New York,Outdoor,2002,G,128,"$6,883,000 "
200273,Tashkent,Tashkent,Outdoor,2002,A,32,"$550,000 "
2002336,Hong Kong,Hong Kong,Outdoor,2002,A,32,"$400,000 "
2002329,Tokyo,Tokyo,Outdoor,2002,A,56,"$800,000 "
2002337,Vienna,Vienna,Indoor,2002,A,32,"$765,000 "
20021536,Madrid Masters,Madrid,Indoor,2002,M,48,"$2,950,000 "
2002568,St. Petersburg,St. Petersburg,Indoor,2002,A,32,"$1,000,000 "
2002429,Stockholm,Stockholm,Indoor,2002,A,32,"$650,000 "
2002352,Paris Masters,Paris,Indoor,2002,M,48,"$2,950,000 "
2002605,Tour Finals,Shanghai,Indoor,2002,F,8,"$3,700,000 "
20037308,Adelaide,Adelaide,Outdoor,2003,A,32,"$347,000 "
2003891,Chennai,Chennai,Outdoor,2003,A,32,"$380,000 "
2003451,Doha,Doha,Outdoor,2003,A,32,"$1,000,000 "
2003301,Auckland,Auckland,Outdoor,2003,A,32,"$347,000 "
2003338,Sydney,Sydney,Outdoor,2003,A,32,"$347,000 "
2003580,Australian Open,Melbourne,Outdoor,2003,G,128,"$4,861,502 "
2003496,Marseille,Marseille,Indoor,2003,A,32,"$500,000 "
2003424,San Jose,San Jose,Indoor,2003,A,32,"$380,000 "
2003402,Memphis,Memphis,Indoor,2003,A,32,"$690,000 "
2003407,Rotterdam,Rotterdam,Indoor,2003,A,32,"$825,000 "
2003481,Copenhagen,Copenhagen,Indoor,2003,A,32,"$380,000 "
2003495,Dubai,Dubai,Outdoor,2003,A,32,"$1,000,000 "
2003499,Delray Beach,Delray Beach,Outdoor,2003,A,32,"$380,000 "
2003433,Las Vegas,Scottsdale,Outdoor,2003,A,32,"$380,000 "
2003404,Indian Wells Masters,Indian Wells,Outdoor,2003,M,64,"$2,450,000 "
2003403,Miami Masters,Miami,Outdoor,2003,M,96,"$3,250,000 "
2003419,Indianapolis,Indianapolis,Outdoor,2003,A,48,"$600,000 "
2003423,Los Angeles,Los Angeles,Outdoor,2003,A,32,"$380,000 "
2003418,Washington,Washington,Outdoor,2003,A,48,"$600,000 "
2003421,Canada Masters,Montreal,Outdoor,2003,M,64,"$2,450,000 "
2003422,Cincinnati Masters,Cincinnati,Outdoor,2003,M,64,"$2,450,000 "
2003441,Long Island,Long Island,Outdoor,2003,A,32,"$380,000 "
2003560,US Open,New York,Outdoor,2003,G,128,"$7,336,000 "
20031720,Bangkok,Bangkok,Indoor,2003,A,32,"$525,000 "
2003890,Ho Chi Minh City,Shanghai,Outdoor,2003,A,32,"$380,000 "
2003341,Metz,Metz,Indoor,2003,A,32,"$380,000 "
2003329,Tokyo,Tokyo,Outdoor,2003,A,48,"$690,000 "
2003337,Vienna,Vienna,Indoor,2003,A,32,"$765,000 "
20031536,Madrid Masters,Madrid,Indoor,2003,M,48,"$2,240,000 "
2003568,St. Petersburg,St. Petersburg,Indoor,2003,A,32,"$1,000,000 "
2003429,Stockholm,Stockholm,Indoor,2003,A,32,"$650,000 "
2003352,Paris Masters,Paris,Indoor,2003,M,48,"$2,240,000 "
2003605,Tour Finals,Houston,Outdoor,2003,F,8,"$3,700,000 "
20047308,Adelaide,Adelaide,Outdoor,2004,A,32,"$380,000 "
2004891,Chennai,Chennai,Outdoor,2004,A,32,"$380,000 "
2004451,Doha,Doha,Outdoor,2004,A,32,"$1,000,000 "
2004301,Auckland,Auckland,Outdoor,2004,A,32,"$404,000 "
2004338,Sydney,Sydney,Outdoor,2004,A,32,"$380,000 "
2004580,Australian Open,Melbourne,Outdoor,2004,G,128,"$6,736,438 "
2004424,San Jose,San Jose,Indoor,2004,A,32,"$380,000 "
2004402,Memphis,Memphis,Indoor,2004,A,32,"$690,000 "
2004407,Rotterdam,Rotterdam,Indoor,2004,A,32,"$875,505 "
2004496,Marseille,Marseille,Indoor,2004,A,32,"$600,000 "
2004495,Dubai,Dubai,Outdoor,2004,A,32,"$1,000,000 "
2004433,Las Vegas,Scottsdale,Outdoor,2004,A,32,"$380,000 "
2004404,Indian Wells Masters,Indian Wells,Outdoor,2004,M,96,"$2,779,000 "
2004403,Miami Masters,Miami,Outdoor,2004,M,96,"$3,450,000 "
2004423,Los Angeles,Los Angeles,Outdoor,2004,A,32,"$380,000 "
2004419,Indianapolis,Indianapolis,Outdoor,2004,A,48,"$600,000 "
2004421,Canada Masters,Toronto,Outdoor,2004,M,64,"$2,564,000 "
2004422,Cincinnati Masters,Cincinnati,Outdoor,2004,M,64,"$2,450,000 "
200496,London Olympics,Athens,Outdoor,2004,A,64,
2004418,Washington,Washington,Outdoor,2004,A,32,"$500,000 "
2004441,Long Island,Long Island,Outdoor,2004,A,32,"$380,000 "
2004560,US Open,New York,Outdoor,2004,G,128,"$7,696,000 "
2004747,Beijing,Beijing,Outdoor,2004,A,32,"$500,000 "
2004499,Delray Beach,Delray Beach,Outdoor,2004,A,32,"$380,000 "
20041720,Bangkok,Bangkok,Indoor,2004,A,32,"$550,000 "
2004890,Ho Chi Minh City,Shanghai,Outdoor,2004,A,32,"$380,000 "
2004329,Tokyo,Tokyo,Outdoor,2004,A,48,"$775,000 "
2004341,Metz,Metz,Indoor,2004,A,32,"$380,000 "
2004337,Vienna,Vienna,Indoor,2004,A,32,"$682,750 "
20041536,Madrid Masters,Madrid,Indoor,2004,M,48,"$2,425,500 "
2004429,Stockholm,Stockholm,Indoor,2004,A,32,"$643,750 "
2004352,Paris Masters,Paris,Indoor,2004,M,48,"$2,425,500 "
2004605,Tour Finals,Houston,Outdoor,2004,F,8,"$3,700,000 "
20057308,Adelaide,Adelaide,Outdoor,2005,A,32,"$419,000 "
2005891,Chennai,Chennai,Outdoor,2005,A,32,"$380,000 "
2005451,Doha,Doha,Outdoor,2005,A,32,"$1,000,000 "
2005301,Auckland,Auckland,Outdoor,2005,A,32,"$426,000 "
2005338,Sydney,Sydney,Outdoor,2005,A,32,"$419,000 "
2005580,Australian Open,Melbourne,Outdoor,2005,G,128,"$6,743,444 "
2005499,Delray Beach,Delray Beach,Outdoor,2005,A,32,"$380,000 "
2005496,Marseille,Marseille,Indoor,2005,A,32,"$600,000 "
2005424,San Jose,San Jose,Indoor,2005,A,32,"$380,000 "
2005402,Memphis,Memphis,Indoor,2005,A,32,"$690,000 "
2005407,Rotterdam,Rotterdam,Indoor,2005,A,32,"$925,000 "
2005495,Dubai,Dubai,Outdoor,2005,A,32,"$1,000,000 "
2005433,Las Vegas,Scottsdale,Outdoor,2005,A,32,"$380,000 "
2005404,Indian Wells Masters,Indian Wells,Outdoor,2005,M,96,"$2,974,600 "
2005403,Miami Masters,Miami,Outdoor,2005,M,96,"$3,450,000 "
2005419,Indianapolis,Indianapolis,Outdoor,2005,A,48,"$600,000 "
2005423,Los Angeles,Los Angeles,Outdoor,2005,A,32,"$380,000 "
2005418,Washington,Washington,Outdoor,2005,A,48,"$600,000 "
2005421,Canada Masters,Montreal,Outdoor,2005,M,64,"$2,450,000 "
2005422,Cincinnati Masters,Cincinnati,Outdoor,2005,M,64,"$2,450,000 "
20053348,New Haven,New Haven,Outdoor,2005,A,48,"$675,000 "
2005560,US Open,New York,Outdoor,2005,G,128,"$8,200,000 "
2005747,Beijing,Beijing,Outdoor,2005,A,32,"$500,000 "
20051720,Bangkok,Bangkok,Indoor,2005,A,32,"$550,000 "
2005341,Metz,Metz,Indoor,2005,A,32,"$380,000 "
2005329,Tokyo,Tokyo,Outdoor,2005,A,48,"$765,000 "
2005429,Stockholm,Stockholm,Indoor,2005,A,32,"$800,000 "
2005337,Vienna,Vienna,Indoor,2005,A,32,"$689,000 "
20051536,Madrid Masters,Madrid,Indoor,2005,M,48,"$2,450,000 "
20067308,Adelaide,Adelaide,Outdoor,2006,A,32,"$419,000 "
2006891,Chennai,Chennai,Outdoor,2006,A,32,"$380,000 "
2006451,Doha,Doha,Outdoor,2006,A,32,"$1,000,000 "
2006301,Auckland,Auckland,Outdoor,2006,A,32,"$430,000 "
2006338,Sydney,Sydney,Outdoor,2006,A,32,"$419,000 "
2006580,Australian Open,Melbourne,Outdoor,2006,G,128,"$6,784,589 "
2006499,Delray Beach,Delray Beach,Outdoor,2006,A,32,"$380,000 "
2006496,Marseille,Marseille,Indoor,2006,A,32,"$600,000 "
2006424,San Jose,San Jose,Indoor,2006,A,32,"$380,000 "
2006402,Memphis,Memphis,Indoor,2006,A,32,"$690,000 "
2006407,Rotterdam,Rotterdam,Indoor,2006,A,32,"$925,000 "
2006495,Dubai,Dubai,Outdoor,2006,A,32,"$1,000,000 "
2006433,Las Vegas,Las Vegas,Outdoor,2006,A,32,"$380,000 "
2006404,Indian Wells Masters,Indian Wells,Outdoor,2006,M,96,"$3,169,600 "
2006403,Miami Masters,Miami,Outdoor,2006,M,96,"$3,450,000 "
2006419,Indianapolis,Indianapolis,Outdoor,2006,A,48,"$600,000 "
2006423,Los Angeles,Los Angeles,Outdoor,2006,A,32,"$500,000 "
2006418,Washington,Washington,Outdoor,2006,A,48,"$600,000 "
2006421,Canada Masters,Toronto,Outdoor,2006,M,64,"$2,450,000 "
2006422,Cincinnati Masters,Cincinnati,Outdoor,2006,M,64,"$2,450,000 "
20063348,New Haven,New Haven,Outdoor,2006,A,48,"$675,000 "
2006560,US Open,New York,Outdoor,2006,G,128,"$8,332,000 "
2006747,Beijing,Beijing,Outdoor,2006,A,32,"$500,000 "
20061720,Bangkok,Bangkok,Indoor,2006,A,32,"$550,000 "
20063465,Mumbai,Mumbai,Outdoor,2006,A,32,"$380,000 "
2006341,Metz,Metz,Indoor,2006,A,32,"$380,000 "
2006329,Tokyo,Tokyo,Outdoor,2006,A,48,"$765,000 "
2006429,Stockholm,Stockholm,Indoor,2006,A,32,"$800,000 "
2006337,Vienna,Vienna,Indoor,2006,A,32,"$690,000 "
20061536,Madrid Masters,Madrid,Indoor,2006,M,48,"$2,450,000 "
2006605,Tour Finals,Shanghai,Indoor,2006,F,8,"$3,700,000 "
20077308,Adelaide,Adelaide,Outdoor,2007,A,32,"$436,000 "
2007891,Chennai,Chennai,Outdoor,2007,A,32,"$416,000 "
2007451,Doha,Doha,Outdoor,2007,A,32,"$1,000,000 "
2007301,Auckland,Auckland,Outdoor,2007,A,32,"$416,000 "
2007338,Sydney,Sydney,Outdoor,2007,A,32,"$436,000 "
2007580,Australian Open,Melbourne,Outdoor,2007,G,128,"$7,297,052 "
2007499,Delray Beach,Delray Beach,Outdoor,2007,A,32,"$416,000 "
2007496,Marseille,Marseille,Indoor,2007,A,32,"$600,000 "
2007424,San Jose,San Jose,Indoor,2007,A,32,"$416,000 "
2007402,Memphis,Memphis,Indoor,2007,A,32,"$757,000 "
2007407,Rotterdam,Rotterdam,Indoor,2007,A,32,"$925,000 "
2007495,Dubai,Dubai,Outdoor,2007,A,32,"$1,426,250 "
2007433,Las Vegas,Las Vegas,Outdoor,2007,A,32,"$416,000 "
2007404,Indian Wells Masters,Indian Wells,Outdoor,2007,M,96,"$3,285,000 "
2007403,Miami Masters,Miami,Outdoor,2007,M,96,"$3,450,000 "
2007423,Los Angeles,Los Angeles,Outdoor,2007,A,32,"$525,000 "
2007419,Indianapolis,Indianapolis,Outdoor,2007,A,32,"$525,000 "
2007418,Washington,Washington,Outdoor,2007,A,48,"$600,000 "
2007421,Canada Masters,Montreal,Outdoor,2007,M,56,"$2,450,000 "
2007422,Cincinnati Masters,Cincinnati,Outdoor,2007,M,56,"$2,450,000 "
20073348,New Haven,New Haven,Outdoor,2007,A,48,"$675,000 "
2007560,US Open,New York,Outdoor,2007,G,128,"$8,848,000 "
2007747,Beijing,Beijing,Outdoor,2007,A,32,"$500,000 "
20071720,Bangkok,Bangkok,Indoor,2007,A,32,"$550,000 "
20073465,Mumbai,Mumbai,Outdoor,2007,A,32,"$416,000 "
2007341,Metz,Metz,Indoor,2007,A,32,"$416,000 "
2007329,Tokyo,Tokyo,Outdoor,2007,A,48,"$832,000 "
2007429,Stockholm,Stockholm,Indoor,2007,A,32,"$800,000 "
2007337,Vienna,Vienna,Indoor,2007,A,32,"$757,000 "
2007438,Moscow,Moscow,Indoor,2007,A,32,"$1,000,000 "
20071536,Madrid Masters,Madrid,Indoor,2007,M,48,"$2,450,000 "
2007328,Basel,Basel,Indoor,2007,A,32,"$1,000,000 "
2007352,Paris Masters,Paris,Indoor,2007,M,48,"$2,450,000 "
2007605,Tour Finals,Shanghai,Indoor,2007,F,8,"$3,800,000 "
20087308,Adelaide,Adelaide,Outdoor,2008,A,32,"$465,000 "
2008891,Chennai,Chennai,Outdoor,2008,A,32,"$436,000 "
2008451,Doha,Doha,Outdoor,2008,A,32,"$1,049,000 "
2008301,Auckland,Auckland,Outdoor,2008,A,32,"$464,000 "
2008338,Sydney,Sydney,Outdoor,2008,A,32,"$465,000 "
2008580,Australian Open,Melbourne,Outdoor,2008,G,128,"$9,609,870 "
2008499,Delray Beach,Delray Beach,Outdoor,2008,A,32,"$436,000 "
2008496,Marseille,Marseille,Indoor,2008,A,32,"? 534,000"
2008407,Rotterdam,Rotterdam,Indoor,2008,A,32,"? 824,000"
2008424,San Jose,San Jose,Indoor,2008,A,32,"$436,000 "
2008402,Memphis,Memphis,Indoor,2008,A,32,"$769,000 "
20082276,Zagreb,Zagreb,Indoor,2008,A,32,"? 370,000"
2008495,Dubai,Dubai,Outdoor,2008,A,32,"$1,426,000 "
2008433,Las Vegas,Las Vegas,Outdoor,2008,A,32,"$436,000 "
2008404,Indian Wells Masters,Indian Wells,Outdoor,2008,M,96,"$3,677,245 "
2008403,Miami Masters,Miami,Outdoor,2008,M,96,"$3,770,000 "
2008419,Indianapolis,Indianapolis,Outdoor,2008,A,32,"$525,000 "
2008421,Canada Masters,Toronto,Outdoor,2008,M,56,"$2,615,000 "
2008422,Cincinnati Masters,Cincinnati,Outdoor,2008,M,56,"$2,615,000 "
2008423,Los Angeles,Los Angeles,Outdoor,2008,A,28,"$475,000 "
2008418,Washington,Washington,Outdoor,2008,A,32,"$508,000 "
200896,London Olympics,Beijing,Outdoor,2008,A,64,
20083348,New Haven,New Haven,Outdoor,2008,A,48,"$708,000 "
2008560,US Open,New York,Outdoor,2008,G,128,"$9,350,000 "
20081720,Bangkok,Bangkok,Indoor,2008,A,28,"$576,000 "
2008747,Beijing,Beijing,Outdoor,2008,A,28,"$524,000 "
2008341,Metz,Metz,Indoor,2008,A,32,"? 370,000"
2008329,Tokyo,Tokyo,Outdoor,2008,A,48,"$869,000 "
2008438,Moscow,Moscow,Indoor,2008,A,32,"$1,049,000 "
2008429,Stockholm,Stockholm,Indoor,2008,A,32,"? 713,000"
2008337,Vienna,Vienna,Indoor,2008,A,32,"? 674,000"
20081536,Madrid Masters,Madrid,Indoor,2008,M,48,"? 2,270,000"
2008328,Basel,Basel,Indoor,2008,A,32,"? 891,000"
2008568,St. Petersburg,St. Petersburg,Indoor,2008,A,32,"$1,049,000 "
2008352,Paris Masters,Paris,Indoor,2008,M,48,"? 2,270,000"
2008605,Tour Finals,Shanghai,Indoor,2008,F,8,"$3,800,000 "
2009339,Brisbane,Brisbane,Outdoor,2009,A,32,"$484,750 "
2009891,Chennai,Chennai,Outdoor,2009,A,32,"$450,000 "
2009451,Doha,Doha,Outdoor,2009,A,32,"$1,110,250 "
2009301,Auckland,Auckland,Outdoor,2009,A,28,"$480,750 "
2009338,Sydney,Sydney,Outdoor,2009,A,28,"$484,750 "
2009580,Australian Open,Melbourne,Outdoor,2009,G,128,"$10,712,240 "
20095012,Johannesburg,Johannesburg,Outdoor,2009,A,32,"$500,000 "
20092276,Zagreb,Zagreb,Indoor,2009,A,32,"? 450,000"
2009407,Rotterdam,Rotterdam,Indoor,2009,A,32,"? 1,445,000"
2009424,San Jose,San Jose,Indoor,2009,A,32,"$600,000 "
2009496,Marseille,Marseille,Indoor,2009,A,32,"? 576,000"
2009402,Memphis,Memphis,Indoor,2009,A,32,"$1,226,500 "
2009499,Delray Beach,Delray Beach,Outdoor,2009,A,32,"$500,000 "
2009495,Dubai,Dubai,Outdoor,2009,A,32,"$2,233,000 "
2009404,Indian Wells Masters,Indian Wells,Outdoor,2009,M,96,"$4,615,170 "
2009403,Miami Masters,Miami,Outdoor,2009,M,96,"$4,500,000 "
2009419,Indianapolis,Indianapolis,Outdoor,2009,A,32,"$519,000 "
2009423,Los Angeles,Los Angeles,Outdoor,2009,A,28,"$630,500 "
2009418,Washington,Washington,Outdoor,2009,A,48,"$1,402,000 "
2009421,Canada Masters,Montreal,Outdoor,2009,M,56,"$3,000,000 "
2009422,Cincinnati Masters,Cincinnati,Outdoor,2009,M,56,"$3,000,000 "
20093348,New Haven,New Haven,Outdoor,2009,A,48,"$750,000 "
2009560,US Open,New York,Outdoor,2009,G,128,"$9,756,000 "
2009341,Metz,Metz,Indoor,2009,A,28,"? 450,000"
20091720,Bangkok,Bangkok,Indoor,2009,A,28,"$608,500 "
20096003,Kuala Lumpur,Kuala Lumpur,Indoor,2009,A,28,"$947,750 "
2009747,Beijing,Beijing,Outdoor,2009,A,32,"$3,337,000 "
2009329,Tokyo,Tokyo,Outdoor,2009,A,32,"$1,226,500 "
20095014,Shanghai Masters,Shanghai- China,Outdoor,2009,M,56,"$5,250,000 "
2009438,Moscow,Moscow,Indoor,2009,A,32,"$1,080,500 "
2009429,Stockholm,Stockholm,Indoor,2009,A,32,"? 600,000"
2009568,St. Petersburg,St. Petersburg,Indoor,2009,A,32,"$750,000 "
20097309,Lyon,Lyon,Indoor,2009,A,32,"? 650,000"
2009337,Vienna,Vienna,Indoor,2009,A,32,"? 574,750"
2009328,Basel,Basel,Indoor,2009,A,32,"? 1,755,000"
2009573,Valencia,Valencia,Indoor,2009,A,32,"? 2,019,000"
2009352,Paris Masters,Paris,Indoor,2009,M,48,"? 2,750,000"
2009605,Tour Finals,London,Indoor,2009,F,8,"$5,000,000 "
2010339,Brisbane,Brisbane,Outdoor,2010,A,32,"$424,250 "
2010891,Chennai,Chennai,Outdoor,2010,A,32,"$450,000 "
2010451,Doha,Doha,Outdoor,2010,A,32,"$1,110,250 "
2010301,Auckland,Auckland,Outdoor,2010,A,28,"$407,250 "
2010338,Sydney,Sydney,Outdoor,2010,A,28,"$424,250 "
2010580,Australian Open,Melbourne,Outdoor,2010,G,128,"$11,048,640 "
20105012,Johannesburg,Johannesburg,Outdoor,2010,A,32,"$500,000 "
20102276,Zagreb,Zagreb,Indoor,2010,A,32,"? 450,000"
2010407,Rotterdam,Rotterdam,Indoor,2010,A,32,"? 1,445,000"
2010424,San Jose,San Jose,Indoor,2010,A,32,"$600,000 "
2010496,Marseille,Marseille- France,Indoor,2010,A,28,"? 576,000"
2010402,Memphis,Memphis,Indoor,2010,A,32,"$1,226,500 "
2010499,Delray Beach,Delray Beach,Outdoor,2010,A,32,"$500,000 "
2010495,Dubai,Dubai- United Arab Emirates,Outdoor,2010,A,32,"$2,233,000 "
2010404,Indian Wells Masters,Indian Wells,Outdoor,2010,M,96,"$4,702,285 "
2010403,Miami Masters,Miami,Outdoor,2010,M,96,"$4,500,000 "
20106116,Atlanta,Atlanta- United States,Outdoor,2010,A,28,"$600,000 "
2010423,Los Angeles,Los Angeles- United States,Outdoor,2010,A,28,"$700,000 "
2010418,Washington,Washington- United States,Outdoor,2010,A,48,"$1,402,000 "
2010421,Canada Masters,Toronto- Canada,Outdoor,2010,M,56,"$3,000,000 "
2010422,Cincinnati Masters,Cincinnati- United States,Outdoor,2010,M,56,"$3,000,000 "
20103348,New Haven,New Haven,Outdoor,2010,A,48,"$750,000 "
2010560,US Open,New York,Outdoor,2010,G,128,"$10,508,000 "
2010341,Metz,Metz,Indoor,2010,A,28,"? 450,000"
20101720,Bangkok,Bangkok,Indoor,2010,A,28,"$608,500 "
20106003,Kuala Lumpur,Kuala Lumpur,Indoor,2010,A,28,"$947,750 "
2010747,Beijing,Beijing- China,Outdoor,2010,A,32,"$3,336,500 "
2010329,Tokyo,Tokyo,Outdoor,2010,A,32,"$1,226,500 "
20105014,Shanghai Masters,Shanghai- China,Outdoor,2010,M,56,"$5,250,000 "
2010438,Moscow,Moscow- Russia,Indoor,2010,A,28,"$1,080,500 "
2010429,Stockholm,Stockholm,Indoor,2010,A,28,"? 600,000"
2010375,Montpellier,Montpellier- France,Indoor,2010,A,28,"? 650,000"
2010568,St. Petersburg,St. Petersburg- Russia,Indoor,2010,A,32,"$750,000 "
2010337,Vienna,Vienna- Austria,Indoor,2010,A,28,"? 650,000"
2010573,Valencia,Valencia- Switzerland,Indoor,2010,A,32,"? 2,019,000"
2010328,Basel,Basel- Switzerland,Indoor,2010,A,32,"? 1,755,000"
2010352,Paris Masters,Paris- France,Indoor,2010,M,48,"? 2,750,000"
2010605,Tour Finals,London,Indoor,2010,F,8,"$5,070,000 "
2011339,Brisbane,Brisbane- Australia,Outdoor,2011,A,32,"$474,050 "
2011891,Chennai,Chennai- India,Outdoor,2011,A,32,"$450,000 "
2011451,Doha,Doha- Qatar,Outdoor,2011,A,32,"$1,110,250 "
2011301,Auckland,Auckland- New Zealand,Outdoor,2011,A,28,"$450,000 "
2011338,Sydney,Sydney- Australia,Outdoor,2011,A,28,"$474,050 "
2011580,Australian Open,Melbourne- Australia,Outdoor,2011,G,128,"$11,414,950 "
20115012,Johannesburg,Johannesburg- South Africa,Outdoor,2011,A,32,"$500,000 "
20112276,Zagreb,Zagreb- Croatia,Indoor,2011,A,28,"? 450,000"
2011407,Rotterdam,Rotterdam- Netherlands,Indoor,2011,A,32,"? 1,445,000"
2011424,San Jose,San Jose- United States,Indoor,2011,A,32,"$600,000 "
2011496,Marseille,Marseille- France,Indoor,2011,A,28,"? 576,000"
2011402,Memphis,Memphis- United States,Indoor,2011,A,32,"$1,226,500 "
2011499,Delray Beach,Delray Beach- United States,Outdoor,2011,A,32,"$442,500 "
2011495,Dubai,Dubai- United Arab Emirates,Outdoor,2011,A,32,"$2,233,000 "
2011404,Indian Wells Masters,Indian Wells- United States,Outdoor,2011,M,96,"$4,717,540 "
2011403,Miami Masters,Miami- United States,Outdoor,2011,M,96,"$4,500,000 "
20116116,Atlanta,Atlanta- United States,Outdoor,2011,A,28,"$600,000 "
2011423,Los Angeles,Los Angeles- United States,Outdoor,2011,A,28,"$700,000 "
2011418,Washington,Washington- United States,Outdoor,2011,A,48,"$1,402,900 "
2011421,Canada Masters,Montreal- Canada,Outdoor,2011,M,56,"$3,000,000 "
2011422,Cincinnati Masters,Cincinnati- United States,Outdoor,2011,M,56,"$3,200,000 "
20116242,Winston Salem,Winston-Salem- United States,Outdoor,2011,A,48,"$625,000 "
2011560,US Open,New York- United States,Outdoor,2011,G,128,"$10,768,000 "
2011341,Metz,Metz- France,Indoor,2011,A,28,"? 450,000"
20111720,Bangkok,Bangkok- Thailand,Indoor,2011,A,28,"$644,500 "
20116003,Kuala Lumpur,Kuala Lumpur- Malaysia,Indoor,2011,A,28,"$947,750 "
2011747,Beijing,Beijing- China,Outdoor,2011,A,32,"$3,336,500 "
2011329,Tokyo,Tokyo- Japan,Outdoor,2011,A,32,"$1,341,000 "
20115014,Shanghai Masters,Shanghai- China,Outdoor,2011,M,56,"$5,650,000 "
2011438,Moscow,Moscow- Russia,Indoor,2011,A,28,"$805,500 "
2011429,Stockholm,Stockholm- Sweden,Indoor,2011,A,28,"? 600,000"
2011568,St. Petersburg,St. Petersburg- Russia,Indoor,2011,A,32,"$750,000 "
2011337,Vienna,Vienna- Austria,Indoor,2011,A,28,"? 650,000"
2011328,Basel,Basel- Switzerland,Indoor,2011,A,32,"? 1,838,100"
2011573,Valencia,Valencia- Spain,Indoor,2011,A,32,"? 2,019,000"
2011352,Paris Masters,Paris- France,Indoor,2011,M,48,"? 2,750,000"
2011605,Tour Finals,London,Indoor,2011,F,16,"$5,070,000 "
2012339,Brisbane,Brisbane- Australia,Outdoor,2012,A,32,"$486,000 "
2012891,Chennai,Chennai- India,Outdoor,2012,A,28,"$450,000 "
2012451,Doha,Doha- Qatar,Outdoor,2012,A,32,"$1,110,250 "
2012301,Auckland,Auckland- New Zealand,Outdoor,2012,A,28,"$450,000 "
2012338,Sydney,Sydney- Australia,Outdoor,2012,A,28,"$486,000 "
2012580,Australian Open,Melbourne- Australia,Outdoor,2012,G,128,"$11,806,550 "
2012375,Montpellier,Montpellier- France,Indoor,2012,A,28,"? 450,000"
20122276,Zagreb,Zagreb- Croatia,Indoor,2012,A,32,"? 450,000"
2012407,Rotterdam,Rotterdam- Netherlands,Indoor,2012,A,32,"? 1,502,500"
2012424,San Jose,San Jose- United States,Indoor,2012,A,28,"$600,000 "
2012496,Marseille,Marseille- France,Indoor,2012,A,28,"? 576,000"
2012402,Memphis,Memphis- United States,Indoor,2012,A,32,"$1,281,500 "
2012499,Delray Beach,Delray Beach- United States,Outdoor,2012,A,32,"$500,000 "
2012495,Dubai,Dubai- United Arab Emirates,Outdoor,2012,A,32,"$2,313,975 "
2012404,Indian Wells Masters,Indian Wells- United States,Outdoor,2012,M,96,"$5,816,010 "
2012403,Miami Masters,Miami- United States,Outdoor,2012,M,96,"$4,828,050 "
20126116,Atlanta,Atlanta- United States,Outdoor,2012,A,28,"$546,900 "
2012423,Los Angeles,Los Angeles- United States,Outdoor,2012,A,28,"$638,050 "
2012418,Washington,Washington- United States,Outdoor,2012,A,32,"$1,286,260 "
2012421,Canada Masters,Toronto- Canada,Outdoor,2012,M,48,"$3,218,700 "
2012422,Cincinnati Masters,Cincinnati- United States,Outdoor,2012,M,56,"$3,433,280 "
20126242,Winston Salem,Winston-Salem- United States,Outdoor,2012,A,48,"$625,000 "
2012560,US Open,New York- United States,Outdoor,2012,G,128,"$11,777,000 "
2012341,Metz,Metz- France,Indoor,2012,A,28,"? 450,000"
2012568,St. Petersburg,St. Petersburg- Russia,Indoor,2012,A,32,"$468,350 "
20121720,Bangkok,Bangkok- Thailand,Indoor,2012,A,28,"$608,500 "
20126003,Kuala Lumpur,Kuala Lumpur- Malaysia,Indoor,2012,A,28,"$947,750 "
2012747,Beijing,Beijing- China,Outdoor,2012,A,32,"$3,441,500 "
2012329,Tokyo,Tokyo- Japan,Outdoor,2012,A,32,"$1,407,065 "
20125014,Shanghai Masters,Shanghai- China,Outdoor,2012,M,56,"$5,891,600 "
2012438,Moscow,Moscow- Russia,Indoor,2012,A,28,"$742,150 "
2012429,Stockholm,Stockholm- Sweden,Indoor,2012,A,28,"? 550,000"
2012337,Vienna,Vienna- Austria,Indoor,2012,A,28,"? 550,000"
2012573,Valencia,Valencia- Spain,Indoor,2012,A,32,"? 2,086,850"
2012328,Basel,Basel- Switzerland,Indoor,2012,A,32,"? 1,934,300"
2012352,Paris Masters,Paris- France,Indoor,2012,M,48,"? 2,950,475"
2012605,Tour Finals,London,Indoor,2012,F,8,"$5,500,000 "
2013339,Brisbane,Brisbane- Australia,Outdoor,2013,A,28,"$494,230 "
2013891,Chennai,Chennai- India,Outdoor,2013,A,28,"$442,750 "
2013451,Doha,Doha- Qatar,Outdoor,2013,A,32,"$1,150,720 "
2013301,Auckland,Auckland- New Zealand,Outdoor,2013,A,28,"$491,000 "
2013338,Sydney,Sydney- Australia,Outdoor,2013,A,28,"$494,230 "
2013580,Australian Open,Melbourne- Australia,Outdoor,2013,G,128,"$13,803,160 "
2013375,Montpellier,Montpellier- France,Indoor,2013,A,28,"? 467,800"
20132276,Zagreb,Zagreb- Croatia,Indoor,2013,A,28,"? 467,800"
2013407,Rotterdam,Rotterdam- Netherlands,Indoor,2013,A,32,"? 1,575,875"
2013424,San Jose,San Jose- United States,Indoor,2013,A,28,"$623,730 "
2013496,Marseille,Marseille- France,Indoor,2013,A,28,"? 598,535"
2013402,Memphis,Memphis- United States,Indoor,2013,A,32,"$1,353,550 "
2013499,Delray Beach,Delray Beach- United States,Outdoor,2013,A,32,"$519,775 "
2013495,Dubai,Dubai- United Arab Emirates,Outdoor,2013,A,32,"$2,413,300 "
2013404,Indian Wells Masters,Indian Wells- United States,Outdoor,2013,M,96,"$6,676,605 "
2013403,Miami Masters,Miami- United States,Outdoor,2013,M,96,"$5,244,125 "
20136718,Bogota,Bogota- Colombia,Outdoor,2013,A,28,"$727,685 "
20136116,Atlanta,Atlanta- United States,Outdoor,2013,A,28,"$623,730 "
2013418,Washington,Washington- United States,Outdoor,2013,A,48,"$1,546,590 "
2013421,Canada Masters,Montreal- Canada,Outdoor,2013,M,56,"$3,496,085 "
2013422,Cincinnati Masters,Cincinnati- United States,Outdoor,2013,M,56,"$3,729,155 "
20136242,Winston Salem,Winston-Salem- United States,Outdoor,2013,A,48,"$658,450 "
2013560,US Open,New York- United States,Outdoor,2013,G,128,"$16,102,000 "
2013341,Metz,Metz- France,Indoor,2013,A,28,"? 467,800"
2013568,St. Petersburg,St. Petersburg- Russia,Indoor,2013,A,32,"$519,775 "
20131720,Bangkok,Bangkok- Thailand,Indoor,2013,A,28,"$631,530 "
20136003,Kuala Lumpur,Kuala Lumpur- Malaysia,Indoor,2013,A,28,"$984,300 "
2013747,Beijing,Beijing- China,Outdoor,2013,A,32,"$3,566,050 "
2013329,Tokyo,Tokyo- Japan,Outdoor,2013,A,32,"$1,437,800 "
20135014,Shanghai Masters,Shanghai- China,Outdoor,2013,M,56,"$6,211,445 "
2013438,Moscow,Moscow- Russia,Indoor,2013,A,28,"$823,550 "
2013429,Stockholm,Stockholm- Sweden,Indoor,2013,A,28,"? 600,565"
2013337,Vienna,Vienna- Austria,Indoor,2013,A,28,"? 571,755"
2013328,Basel,Basel- Switzerland,Indoor,2013,A,32,"? 1,988,835"
2013573,Valencia,Valencia- Spain,Indoor,2013,A,32,"? 2,171,095"
2013352,Paris Masters,Paris- France,Indoor,2013,M,48,"? 3,204,745"
2013605,Tour Finals,London,Indoor,2013,F,8,"$6,000,000 "
2014339,Brisbane,Brisbane- Australia,Outdoor,2014,A,28,"$511,825 "
2014891,Chennai,Chennai- India,Outdoor,2014,A,28,"$459,140 "
2014451,Doha,Doha- Qatar,Outdoor,2014,A,32,"$1,195,500 "
2014301,Auckland,Auckland- New Zealand,Outdoor,2014,A,28,"$514,345 "
2014338,Sydney,Sydney- Australia,Outdoor,2014,A,28,"$511,825 "
2014580,Australian Open,Melbourne- Australia,Outdoor,2014,G,128,"$14,982,200 "
2014375,Montpellier,Montpellier- France,Indoor,2014,A,28,"? 485,760"
20142276,Zagreb,Zagreb- Croatia,Indoor,2014,A,28,"? 485,760"
2014402,Memphis,Memphis- United States,Indoor,2014,A,28,"$647,675 "
2014407,Rotterdam,Rotterdam- Netherlands,Indoor,2014,A,32,"? 1,500,755"
2014499,Delray Beach,Delray Beach- United States,Outdoor,2014,A,32,"$539,730 "
2014496,Marseille,Marseille- France,Indoor,2014,A,28,"? 621,560"
2014807,Acapulco,Acapulco- Mexico,Outdoor,2014,A,32,"$1,454,365 "
2014495,Dubai,Dubai- United Arab Emirates,Outdoor,2014,A,32,"$2,359,935 "
2014404,Indian Wells Masters,Indian Wells- United States,Outdoor,2014,M,96,"$6,959,295 "
2014403,Miami Masters,Miami- United States,Outdoor,2014,M,96,"$5,649,405 "
20146718,Bogota,Bogota- Colombia,Outdoor,2014,A,28,"$730,102 "
20146116,Atlanta,Atlanta- United States,Outdoor,2014,A,28,"$647,675 "
2014418,Washington,Washington- United States,Outdoor,2014,A,48,"$1,654,295 "
2014421,Canada Masters,Toronto- Canada,Outdoor,2014,M,56,"$3,766,270 "
2014422,Cincinnati Masters,Cincinnati- United States,Outdoor,2014,M,56,"$4,017,355 "
20146242,Winston Salem,Winston-Salem- United States,Outdoor,2014,A,48,"$683,705 "
2014560,US Open,New York City- United States,Outdoor,2014,G,128,"$17,851,868 "
2014341,Metz,Metz- France,Indoor,2014,A,28,"? 485,760"
20146003,Kuala Lumpur,Kuala Lumpur- Malaysia,Indoor,2014,A,28,"$1,022,255 "
20146967,Shenzhen,Shenzhen- China,Outdoor,2014,A,28,"$655,955 "
2014747,Beijing,Beijing- China,Outdoor,2014,A,32,"$3,755,065 "
2014329,Tokyo,Tokyo- Japan,Outdoor,2014,A,32,"$1,373,420 "
20145014,Shanghai Masters,Shanghai- China,Outdoor,2014,M,56,"$6,521,695 "
2014438,Moscow,Moscow- Russia,Indoor,2014,A,28,"$855,490 "
2014429,Stockholm,Stockholm- Sweden,Indoor,2014,A,28,"? 593,705"
2014337,Vienna,Vienna- Austria,Indoor,2014,A,28,"? 593,705"
2014328,Basel,Basel- Switzerland,Indoor,2014,A,32,"? 1,915,060"
2014573,Valencia,Valencia- Spain,Indoor,2014,A,32,"? 2,204,230"
2014352,Paris Masters,Paris- France,Indoor,2014,M,48,"? 3,452,415"
2014605,Tour Finals,London,Indoor,2014,F,8,"$6,500,000 "
2015339,Brisbane,Brisbane- Australia,Outdoor,2015,A,28,"$494,310 "
2015891,Chennai,Chennai- India,Outdoor,2015,A,28,"$458,400 "
2015451,Doha,Doha- Qatar,Outdoor,2015,A,32,"$1,221,320 "
2015338,Sydney,Sydney- Australia,Outdoor,2015,A,28,"$494,310 "
2015301,Auckland,Auckland- New Zealand,Outdoor,2015,A,28,"$519,395 "
2015580,Australian Open,Melbourne- Australia,Outdoor,2015,G,128,"$17,748,600 "
2015375,Montpellier,Montpellier- France,Indoor,2015,A,28,"? 494,310"
20152276,Zagreb,Zagreb- Croatia,Indoor,2015,A,28,"? 494,310"
2015402,Memphis,Memphis- United States,Indoor,2015,A,28,"$659,070 "
2015407,Rotterdam,Rotterdam- Netherlands,Indoor,2015,A,32,"? 1,600,855"
2015499,Delray Beach,Delray Beach- United States,Outdoor,2015,A,32,"$549,230 "
2015496,Marseille,Marseille- France,Indoor,2015,A,28,"? 632,840"
2015807,Acapulco,Acapulco- Mexico,Outdoor,2015,A,32,"$1,548,755 "
2015495,Dubai,Dubai- United Arab Emirates,Outdoor,2015,A,32,"$2,503,810 "
2015404,Indian Wells Masters,Indian Wells- United States,Outdoor,2015,M,96,"$7,107,445 "
2015403,Miami Masters,Miami- United States,Outdoor,2015,M,96,"$6,267,755 "
20156718,Bogota,Bogota- Colombia,Outdoor,2015,A,28,"$768,915 "
20156116,Atlanta,Atlanta- United States,Outdoor,2015,A,28,"$659,070 "
2015418,Washington,Washington- United States,Outdoor,2015,A,48,"$1,753,020 "
2015421,Canada Masters,Montreal- Canada,Outdoor,2015,M,56,"$4,178,500 "
2015422,Cincinnati Masters,Cincinnati- United States,Outdoor,2015,M,56,"$4,457,065 "
20156242,Winston Salem,Winston-Salem- United States,Outdoor,2015,A,48,"$695,515 "
2015560,US Open,New York- United States,Outdoor,2015,G,128,"$19,852,700 "
2015341,Metz,Metz- France,Indoor,2015,A,28,"? 494,310"
2015568,St. Petersburg,St. Petersburg- Russia,Indoor,2015,A,28,"$1,091,000 "
20156003,Kuala Lumpur,Kuala Lumpur- Malaysia,Indoor,2015,A,28,"$1,041,540 "
20156967,Shenzhen,Shenzhen- China,Outdoor,2015,A,28,"$668,945 "
2015747,Beijing,Beijing- China,Outdoor,2015,A,32,"$3,944,715 "
2015329,Tokyo,Tokyo- Japan,Outdoor,2015,A,32,"$1,397,250 "
20155014,Shanghai Masters,Shanghai- China,Outdoor,2015,M,56,"$7,021,335 "
2015438,Moscow,Moscow- Russia,Indoor,2015,A,28,"$771,525 "
2015429,Stockholm,Stockholm- Sweden,Indoor,2015,A,28,"? 604,155"
2015337,Vienna,Vienna- Austria,Indoor,2015,A,32,"? 2,324,045"
2015328,Basel,Basel- Switzerland,Indoor,2015,A,32,"? 2,022,300"
2015573,Valencia,Valencia- Spain,Indoor,2015,A,28,"? 604,155"
2015352,Paris Masters,Paris- France,Indoor,2015,M,48,"? 3,830,295"
2015605,Tour Finals,London,Indoor,2015,F,8,"$7,000,000 "
2016339,Brisbane,Brisbane- Australia,Outdoor,2016,A,28,"$461,330 "
2016891,Chennai,Chennai- India,Outdoor,2016,A,28,"$482,085 "
2016451,Doha,Doha- Qatar,Outdoor,2016,A,32,"$1,283,855 "
2016301,Auckland,Auckland- New Zealand,Outdoor,2016,A,28,"$520,070 "
2016338,Sydney,Sydney- Australia,Outdoor,2016,A,28,"$461,330 "
2016580,Australian Open,Melbourne- Australia,Outdoor,2016,G,128,"$19,703,000 "
2016375,Montpellier,Montpellier- France,Indoor,2016,A,28,"? 520,070"
20167434,Sofia,Sofia- Bulgaria,Indoor,2016,A,28,"? 520,070"
2016402,Memphis,Memphis- United States,Indoor,2016,A,28,"$693,425 "
2016407,Rotterdam,Rotterdam- Netherlands,Indoor,2016,A,32,"? 1,722,820"
2016499,Delray Beach,Delray Beach- United States,Outdoor,2016,A,32,"$576,900 "
2016496,Marseille,Marseille- France,Indoor,2016,A,28,"? 665,910"
2016807,Acapulco,Acapulco- Mexico,Outdoor,2016,A,32,"$1,551,830 "
2016495,Dubai,Dubai- United Arab Emirates,Outdoor,2016,A,32,"$2,674,445 "
2016404,Indian Wells Masters,Indian Wells- United States,Outdoor,2016,M,96,"$7,037,595 "
2016403,Miami Masters,Miami- United States,Outdoor,2016,M,96,"$7,037,595 "
2016418,Washington,Washington- United States,Outdoor,2016,A,48,"$1,877,705 "
2016421,Canada Masters,Toronto- Canada,Outdoor,2016,M,56,"$4,691,730 "
20166116,Atlanta,Atlanta- United States,Outdoor,2016,A,28,"$693,425 "
201696,London Olympics,Rio de Janeiro- Brazil,Outdoor,2016,A,64,
20167480,Los Cabos,Los Cabos- Mexico,Outdoor,2016,A,28,"$808,995 "
2016422,Cincinnati Masters,Cincinnati- United States,Outdoor,2016,M,56,"$5,004,505 "
20166242,Winston Salem,Winston-Salem- United States,Outdoor,2016,A,48,"$720,940 "
2016560,US Open,New York- United States,Outdoor,2016,G,128,"$21,862,744 "
2016341,Metz,Metz- France,Indoor,2016,A,28,"? 520,070"
2016568,St. Petersburg,St. Petersburg- Russia,Indoor,2016,A,28,"$986,380 "
20167581,Chengdu,Chengdu- China,Outdoor,2016,A,28,"$947,735 "
20166967,Shenzhen,Shenzhen- China,Outdoor,2016,A,28,"$704,140 "
2016747,Beijing,Beijing- China,Outdoor,2016,A,32,"$4,164,780 "
2016329,Tokyo,Tokyo- Japan,Outdoor,2016,A,32,"$1,506,835 "
20165014,Shanghai Masters,Shanghai- China,Outdoor,2016,M,56,"$7,655,640 "
20167485,Antwerp,Antwerp- Belgium,Indoor,2016,A,28,"? 635,645"
2016438,Moscow,Moscow- Russia,Indoor,2016,A,28,"$792,645 "
2016429,Stockholm,Stockholm- Sweden,Indoor,2016,A,28,"? 635,645"
2016328,Basel,Basel- Switzerland,Indoor,2016,A,32,"? 2,151,985"
2016337,Vienna,Vienna- Austria,Indoor,2016,A,32,"? 2,467,310"
2016352,Paris Masters,Paris- France,Indoor,2016,M,48,"? 4,300,755"
2016605,Tour Finals,London,Indoor,2016,F,8,"$7,500,000 "
2017339,Brisbane,Brisbane- Australia,Outdoor,2017,A,28,"$495,630 "
2017891,Chennai,Chennai- India,Outdoor,2017,A,28,"$505,730 "
2017451,Doha,Doha- Qatar,Outdoor,2017,A,32,"$1,334,270 "
2017338,Sydney,Sydney- Australia,Outdoor,2017,A,28,"$495,630 "
2017301,Auckland,Auckland- New Zealand,Outdoor,2017,A,28,"$508,360 "
2017580,Australian Open,Melbourne- Australia,Outdoor,2017,G,128,"$22,624,000 "
2017375,Montpellier,Montpellier- France,Indoor,2017,A,28,"? 540,310"
20177434,Sofia,Sofia- Bulgaria,Indoor,2017,A,28,"? 540,310"
2017402,Memphis,Memphis- United States,Indoor,2017,A,28,"$720,410 "
2017407,Rotterdam,Rotterdam- Netherlands,Indoor,2017,A,32,"? 1,854,365"
2017499,Delray Beach,Delray Beach- United States,Outdoor,2017,A,32,"$599,345 "
2017496,Marseille,Marseille- France,Indoor,2017,A,28,"? 691,850"
2017807,Acapulco,Acapulco- Mexico,Outdoor,2017,A,32,"$1,633,690 "
2017495,Dubai,Dubai- United Arab Emirates,Outdoor,2017,A,32,"$2,858,530 "
2017404,Indian Wells Masters,Indian Wells- United States,Outdoor,2017,M,96,"$7,913,405 "
2017403,Miami Masters,Miami- United States,Outdoor,2017,M,96,"$7,913,405 "
20176116,Atlanta,Atlanta- United States,Outdoor,2017,A,28,"$720,410 "
20177480,Los Cabos,Los Cabos- Mexico,Outdoor,2017,A,28,"$727,995 "
2017418,Washington,Washington- United States,Outdoor,2017,A,48,"$2,002,460 "
2017421,Canada Masters,Montreal- Canada,Outdoor,2017,M,56,"$5,275,595 "
2017422,Cincinnati Masters,Cincinnati- United States,Outdoor,2017,M,56,"$5,627,305 "
20176242,Winston Salem,Winston-Salem- United States,Outdoor,2017,A,48,"$748,960 "
2017560,US Open,New York- United States,Outdoor,2017,G,128,"$24,193,400 "
2017341,Metz,Metz- France,Indoor,2017,A,28,"? 540,310"
2017568,St. Petersburg,St. Petersburg- Russia,Indoor,2017,A,28,"$1,064,715 "
20177581,Chengdu,Chengdu- China,Outdoor,2017,A,28,"$1,138,910 "
20176967,Shenzhen,Shenzhen- China,Outdoor,2017,A,28,"$731,680 "
2017747,Beijing,Beijing- China,Outdoor,2017,A,32,"$4,280,460 "
2017329,Tokyo,Tokyo- Japan,Outdoor,2017,A,32,"$1,706,175 "
20175014,Shanghai Masters,Shanghai- China,Outdoor,2017,M,56,"$8,092,625 "
20177485,Antwerp,Antwerp- Belgium,Indoor,2017,A,28,"? 660,375"
2017438,Moscow,Moscow- Russia,Indoor,2017,A,28,"$823,600 "
2017429,Stockholm,Stockholm- Sweden,Indoor,2017,A,28,"? 660,375"
2017328,Basel,Basel- Switzerland,Indoor,2017,A,32,"? 2,291,860"
2017337,Vienna,Vienna- Austria,Indoor,2017,A,32,"? 2,621,850"
2017352,Paris Masters,Paris- France,Indoor,2017,M,48,"? 4,835,975"
2017605,Tour Finals,London,Indoor,2017,F,8,"$8,000,000 "
2018339,Brisbane,Brisbane- Australia,Outdoor,2018,A,28,"$528,910 "
2018451,Doha,Doha- Qatar,Outdoor,2018,A,32,"$1,386,665 "
2018891,Chennai,Pune- India,Outdoor,2018,A,28,"$561,345 "
2018338,Sydney,Sydney- Australia,Outdoor,2018,A,28,"$528,910 "
2018301,Auckland,Auckland- New Zealand,Outdoor,2018,A,28,"$561,345 "
2018580,Australian Open,Melbourne- Australia,Outdoor,2018,G,128,"$25,096,000 "
2018375,Montpellier,Montpellier- France,Indoor,2018,A,28,"$561,345 "
20187434,Sofia,Sofia- Bulgaria,Indoor,2018,A,28,"$561,345 "
2018407,Rotterdam,Rotterdam- Netherlands,Indoor,2018,A,32,"$1,996,245 "
2018424,San Jose,New York- United States,Indoor,2018,A,28,"$748,450 "
2018496,Marseille,Marseille- France,Indoor,2018,A,28,"$718,810 "
2018499,Delray Beach,Delray Beach- United States,Outdoor,2018,A,32,"$622,675 "
2018495,Dubai,Dubai- United Arab Emirates,Outdoor,2018,A,32,"$3,057,135 "
2018807,Acapulco,Acapulco- Mexico,Outdoor,2018,A,32,"$1,789,445 "
2018404,Indian Wells Masters,Indian Wells- United States,Outdoor,2018,M,96,"$8,909,960 "
2018403,Miami Masters,Miami- United States,Outdoor,2018,M,96,"$8,909,960 "
20186116,Atlanta,Atlanta- United States,Outdoor,2018,A,28,"$748,450 "
2018418,Washington,Washington- United States,Outdoor,2018,A,48,"$2,146,815 "
20187480,Cabo San Lucas,Los Cabos- Mexico,Outdoor,2018,A,28,"$808,770 "
2018421,Canada Masters,Toronto- Canada,Outdoor,2018,M,56,"$5,939,970 "
2018422,Cincinnati Masters,Cincinnati- United States,Outdoor,2018,M,56,"$6,335,970 "
20186242,Winston Salem,Winston-Salem- United States,Outdoor,2018,A,48,"$778,070 "
2018560,US Open,New York- United States,Outdoor,2018,G,128,"$25,282,400 "
2018568,St. Petersburg,St. Petersburg- Russia,Indoor,2018,A,28,"$1,241,850 "
2018341,Metz,Metz- France,Indoor,2018,A,28,"$561,345 "
20187581,Chengdu,Chengdu- China,Outdoor,2018,A,28,"$1,183,360 "
20186967,Shenzhen,Shenzhen- China,Outdoor,2018,A,28,"$800,320 "
2018747,Beijing,Beijing- China,Outdoor,2018,A,32,"$4,658,510 "
2018329,Tokyo,Tokyo- Japan,Indoor,2018,A,32,"$1,928,580 "
20185014,Shanghai Masters,Shanghai- China,Outdoor,2018,M,56,"$9,219,970 "
2018438,Moscow,Moscow- Russia,Indoor,2018,A,28,"$936,435 "
20187485,Antwerp,Antwerp- Belgium,Indoor,2018,A,28,"$686,080 "
2018429,Stockholm,Stockholm- Sweden,Indoor,2018,A,28,"$686,080 "
2018337,Vienna,Vienna- Austria,Indoor,2018,A,32,"$2,788,570 "
2018328,Basel,Basel- Switzerland,Indoor,2018,A,32,"$2,442,740 "
2018352,Paris Masters,Paris- France,Indoor,2018,M,48,"$5,444,985 "
2018605,Tour Finals,London,Indoor,2018,F,8,"$8,500,000 "
